stock_code,corp_code,corp_name
036720,00260985,한빛네트
040130,00264529,엔플렉스
055000,00358545,동서정보기술
032600,00231567,애드모바일
056140,00359614,리더컴
012400,00153551,허메스홀딩스
045880,00344746,유티엑스
037830,00261188,글로포스트
030390,00268020,쏠라엔텍
041320,00269287,보홍
078420,00475286,동북아1호선박투자회사
046350,00250775,에듀아크
013650,00114321,데코
015390,00191108,엘앤씨피
019640,00167378,희훈디앤지
058690,00225210,퓨쳐인포넷
035400,00223346,쓰리디넷
024100,00174129,제일저축은행
026540,00114826,제일창업투자
016510,00173333,현대DSF
950030,00687599,네프로아이티
036790,00256292,자강
038830,00271431,케이엠에스
020070,00154727,에버리소스
037110,00246189,제이에스
007490,00154204,태창기업
017300,00152631,에이치비이에너지
056850,00358095,코어비트
082110,00510215,동북아8호선박투자회사
045760,00347619,한국통신데이타
062730,00372013,케너텍
055250,00353735,다휘
022520,00186540,코오롱아이넷
004620,00128759,캠브리지코오롱
089240,00535588,네오세미테크
045260,00264981,디에이치패션
032380,00231521,핸디소프트
009690,00159908,케이엠에이치
035710,00259493,씨엘엘씨디
114410,00359641,현대푸드시스템
012420,00161639,메리츠종합금융
034660,00211271,제넥셀세인
065340,00388272,쓰리디월드
043680,00264796,스톰이앤에프
035010,00134909,소예
048640,00236368,엠엔에프씨
103150,00684547,하이트맥주
066690,00251385,보광티에스
040740,00262682,아인스엠앤엠
038420,00234555,씨엔씨엔터프라이즈
084810,00507257,아이알디
067850,00417963,바이나믹
086720,00543523,코크렙제7호위탁관리부동산투자회사
054170,00300566,엔빅스
054010,00299376,선팩테크
001190,00112068,마이크로닉스
033720,00257194,블루스톤디앤아이
078700,00477372,신지소프트
076850,00465410,맥쿼리센트럴오피스기업구조조정부동산투자회사
048510,00331760,테스텍
030030,00200761,중앙디자인
042870,00268297,에코페트로시스템
021060,00161301,한림창업투자
036270,00237260,헤쎄나
037510,00297970,미래에셋굿라이프혼합형자녀를위한투자회사10-1
032030,00107358,일공공일안경콘택트
043630,00267474,지앤알
013240,00134051,셀런
093820,00596066,한국베트남15-1유전해외자원개발투자회사
052310,00347363,에이치원바이오
008400,00150226,씨앤중공업
001370,00152914,FnC코오롱
017010,00158839,제너비오믹스
011050,00159281,케드콤
065410,00210537,지엔텍홀딩스
044640,00240370,동부씨엔아이
051820,00247887,아이피에스
046240,00268358,에스브이에이치
060750,00316488,제이콤
043790,00264130,옥션
088020,00540304,네이쳐글로벌
094950,00617299,GB블루오션베트남주식혼합형투자회사1호
052210,00262275,엠씨티티코어
032930,00200798,에이스앤파트너스
061050,00335924,지앤디윈텍
014010,00111591,인터피온반도체
007800,00189343,솔로몬저축은행
046320,00252588,엠트론스토리지테크놀로지
031800,00267997,에스티앤아이
060670,00299686,유퍼트
074140,00463050,엑스로드
068770,00238913,선우중공업
003020,00107446,남양
015940,00114303,엘지데이콤
045820,00318617,LG파워콤
031960,00267775,동산진흥
067950,00394574,티이씨
008320,00110176,한국기술산업
017050,00136554,스타맥스
024870,00144562,유성티에스아이
058550,00370547,네오리소스
035950,00242439,케이알
000790,00134060,씨앤상선
058900,00392600,투미비티
039990,00259855,코아정보시스템
066340,00385451,케이에스리소스
047600,00258944,세계투어
122290,00798530,동양밸류오션기업인수목적
077960,00451268,케이이엔지
063280,00336570,사이버패스
079870,00363325,산양전기
032150,00148188,으뜸상호저축은행
080570,00508566,국제개발
004230,00133928,세신
084160,00540784,골든브릿지더블유엠경매부동산일호투자회사
061140,00298252,엘앤피아너스
038690,00264556,에이스일렉트로닉스
090090,00581000,디앤샵
054120,00359094,더체인지
105380,00686970,다산자기관리부동산투자회사
035500,00255309,써니트렌드
054650,00362380,뉴젠비아이티
033880,00244862,룩소네이트
042100,00297165,현대오토넷
016990,00105767,LG마이크론
001600,00173397,서광건설산업
036660,00259606,플러스프로핏
037020,00178471,한와이어리스
049690,00331733,포휴먼
023670,00104892,알이네트웍스
101790,00647917,케이알제2호개발전문위탁관리부동산투자회사
094520,00597764,미래에셋맵스오퍼튜니티베트남주식혼합형투자회사1호
088960,00355821,씨티엘테크
052650,00329677,이디디컴퍼니
032390,00244871,케이티프리텔
035830,00246383,메카포럼
048130,00345499,에스피코프
045400,00348140,이롬텍
047450,00215107,이앤텍
088810,00560991,맥스브로
037700,00265263,토자이홀딩스
013200,00142564,우방
023020,00198572,동양매직
900020,00642648,코웰이홀딩스유한공사
078670,00537443,아구스
007480,00113173,대한은박지
073130,00441872,인스프리트
079340,00480844,하이럭스
053070,00262044,트리니티
032570,00101442,카라반케이디이
045380,00295875,더존디지털웨어
080140,00441298,디보스
045290,00263885,포네이처
076090,00475532,테이크시스템즈
033190,00130204,폴켐
007050,00128731,유리이에스
047370,00325981,에프아이투어
085680,00540021,모빌탑
052970,00362089,올리브나인
030420,00228916,디패션
025970,00114215,알덱스
016160,00109648,오라바이오틱스
037320,00261212,시노펙스그린테크
059720,00348007,야호커뮤니케이션
048760,00275808,브이케이
063350,00375579,팬택앤큐리텔
025460,00197324,팬텀엔터테인먼트그룹
052560,00339063,삼성수산
084240,00538497,동북아15호선박투자회사
033260,00225140,쌈지
018890,00101947,브이오산업
041800,00287724,코디콤
052640,00347840,제네시스엔알디
080410,00504357,동북아6호선박투자회사
041450,00269339,인네트
098150,00634959,한국월드와이드아시아태평양특별자산1호투자회사
039350,00267094,헤파호프코리아
006210,00142698,휴리프
057100,00350057,하이스마텍
108070,00721981,삼성디지털이미징
037150,00248691,씨제이인터넷
056200,00335562,엠넷미디어
045710,00369675,온미디어
039040,00265078,유니텍전자
019430,00267809,위더스기술금융
037550,00314000,클라스타
052810,00355292,아시아미디어홀딩스
056010,00386557,아이스테이션
088010,00548865,동북아21호선박투자회사
036550,00221320,에이스디지텍
007830,00124054,부산저축은행
068630,00301486,에피밸리
053470,00311298,오페스
047710,00348557,액티투오
038920,00265342,에이치에스씨홀딩스
027840,00156734,한국고덴시
036850,00208693,나리지*온
014420,00128953,프로비타
069470,00428792,제로원인터랙티브
000610,00148744,제일화재해상보험
083120,00518873,동북아9호선박투자회사
051530,00300779,굿이엠지
066850,00397766,아이드림
004820,00174305,조인에너지
048140,00320807,태광이엔시
004790,00106492,렉스엘이앤지
093400,00592583,코리아퍼시픽05호선박투자회사
048460,00275260,엑큐리스
025920,00183914,우경
081220,00481676,세미텍
000470,00104971,그린손해보험
040180,00269773,대양글로벌
046720,00334767,엔하이테크
073930,00453752,제너시스템즈
015050,00140919,엘트온
036210,00255840,태산엘시디
012090,00133034,성원건설
004550,00161028,대우송도개발
018410,00174475,현대금속
034010,00251482,트라이써클
126680,00824659,아이비케이에스스마트에스엠이기업인수목적1호
037540,00259536,네스테크
080980,00505198,동북아5호선박투자회사
101990,00679730,파브코
122750,00803504,우리기업인수목적1호
054150,00350118,뉴젠아이씨티
041630,00352295,인젠
036920,00240088,지앤에스티
090540,00560025,코크렙제8호위탁관리부동산투자회사
003640,00140380,유니온스틸
001670,00101275,경남모직
121910,00797674,대우증권그린코리아기업인수목적회사
033850,00244589,지노시스템
123290,00802028,한국투자신성장1호기업인수목적회사
066060,00371519,휴먼텍코리아
071660,00126593,에스에스씨피
089480,00220181,평산
036610,00254009,지디코프
081190,00505541,아시아퍼시픽2호선박투자회사
034510,00240398,무한투자
128910,00828309,동부티에스블랙펄기업인수목적
053040,00349468,블루젬디앤씨
123300,00808262,부국퓨쳐스타즈기업인수목적
049000,00252393,예당컴퍼니
032420,00229818,터보테크
008540,00154189,케이비물산
900030,00680161,연합과기공고유한공사
012410,00102645,글로스텍
950070,00844884,중국고섬공고유한공사
093410,00592592,코리아퍼시픽06호선박투자회사
010670,00268437,나노트로닉스
121950,00798284,미래에셋제1호기업인수목적
037380,00164195,에이원마이크로
045470,00264811,에이프로테크놀로지
110310,00676380,모린스
091690,00543231,디지텍시스템스
011800,00122436,배명금속
080970,00505189,동북아4호선박투자회사
040020,00271413,사라콤
065610,00245296,폴리플러스
085990,00480905,영찬테크
149130,00890333,케이비부국제1호개발전문위탁관리부동산투자회사
081930,00510534,아시아퍼시픽8호선박투자회사
007200,00150855,진흥저축은행
009010,00173634,에듀언스
900150,00830377,성융광전투자유한공사
066300,00224567,샤인시스템
081090,00582054,씨모텍
014900,00125929,에스컴
080180,00502793,아시아퍼시픽1호선박투자회사
081200,00505550,아시아퍼시픽3호선박투자회사
025610,00104704,한국저축은행
056710,00361035,미리넷
900010,00630111,3노드디지탈그룹유한공사
038720,00264802,유일엔시스
064420,00399773,케이피케미칼
041030,00257529,이루넷
123550,00804114,대신증권그로쓰알파기업인수목적
071530,00416706,유에이블
019120,00173324,경윤하이드로에너지
004010,00121729,롯데미도파
124050,00808226,한화에스브이명장제1호기업인수목적
019260,00162577,셀텍
123910,00812229,에스비아이앤솔로몬드림기업인수목적
056810,00351153,위다스
008080,00126885,에스와이코퍼레이션
042820,00264741,어울림네트웍스
038120,00266989,에이디모터스
037240,00260693,평안물산
013780,00267951,아큐텍
123160,00804983,히든챔피언제1호기업인수목적
080030,00502474,동북아2호선박투자회사
105070,00579379,금강제강
041060,00264857,아라온테크
053000,00375302,우리금융지주
042340,00264848,대국
034600,00251190,글로웍스
900060,00694003,중국식품포장유한공사
080960,00505170,동북아3호선박투자회사
035450,00259439,지아이바이오
046430,00207436,알에스넷
072530,00408585,나이스메탈
003330,00115038,하나IB증권
042570,00288653,퓨쳐비젼
045310,00303837,이레전자산업
047420,00330017,레이더스컴퍼니
038810,00264769,포이보스
053890,00308948,미디어코프
073780,00321222,케이디세코
066200,00361202,이노블루
078610,00450728,도움
081500,00535773,엑스씨이
011020,00152950,코오롱유화
050600,00296069,세라온홀딩스
083160,00521956,현대경매부동산일호투자회사
060550,00360540,우수씨엔에스
093730,00593519,동북아31호선박투자회사
032050,00194372,후야인포넷
036900,00154693,이레아이엔씨
005330,00106650,카스코
064720,00368791,모델라인
035270,00220552,청람디지탈
041940,00294371,한텔
053170,00353683,코스모스피엘씨
071360,00252375,나노하이텍
036360,00260903,쓰리소프트
038410,00261461,트라이콤
036760,00265218,케이엔에스홀딩스
076170,00471989,지비에스
065910,00306986,피더블유제네틱스
054440,00356644,엠텍반도체
056060,00305695,세니콘
065810,00257051,유씨아이콜스
073530,00459589,코크렙제3호CR리츠
057110,00366164,아이티센네트웍스
072450,00436728,리얼티코리아제1호기업구조조정부동산투자
003990,00136235,BHK
048270,00328854,포넷
009890,00120960,맥슨텔레콤
032590,00119733,엔토리노
033330,00119423,두림티앤씨
089170,00557067,동북아27호선박투자회사
089180,00557058,동북아28호선박투자회사
089200,00557030,동북아30호선박투자회사
089190,00557049,동북아29호선박투자회사
038960,00244330,현주컴퓨터
012990,00120100,LG석유화학
058680,00246657,오브제
009790,00130037,휴닉스
066330,00405074,세이프아시아
067910,00398534,코크렙제1호기업구조조정부동산투자회사
005760,00165200,위너스인프라인
015670,00150183,AP우주통신
044370,00268482,조이토토
060660,00363033,한도하이테크
055970,00364227,에너윈
073470,00458915,유레스메리츠제1호
064900,00386876,교보메리츠퍼스트기업구조조정부동산투자회사
085450,00543073,굿앤리치부동산공경매투자회사1호
025830,00160445,한국합섬
088510,00554468,굿앤리치부동산공경매투자회사2호
016040,00165565,디에스피이엔티
037060,00300256,시큐어소프트
001830,00138491,동부일렉트로닉스
003660,00102821,고려시멘트
060410,00377814,베스트플로우
056020,00364670,쿨투
012460,00143013,우영
041310,00263991,모빌링크텔레콤
010200,00105183,극동제혁
025450,00173254,한마음상호저축은행
009220,00101637,그로웰전자
003930,00124513,부흥
009080,00154417,퍼시픽글라스
008780,00119362,아이인프라
016970,00140353,씨크롭
038400,00170451,외환신용카드
033210,00267793,삼화기연
037250,00260639,대흥멀티미디어통신
018180,00153852,텔슨정보통신
036820,00248956,비이티
063510,00390028,코오롱인터내셔널
037750,00260888,엔써커뮤니티
039000,00275710,써미트테크놀로지
027440,00172103,코리아이앤디
038050,00263955,트래픽아이티에스
035870,00261601,호성
037220,00265254,넥스텔
037730,00255266,쓰리알
035780,00259916,그로웰텔레콤
001150,00131434,서통
043690,00271352,테크메이트
036020,00244932,한아시스템
053250,00348052,엔에스아이
055810,00367598,케이티씨텔레콤
054530,00267720,신한SIT
004190,00147949,스마텔
025690,00203458,동방라이텍
008030,00130000,아이텍스필
032180,00145534,이수세라믹
070540,00425360,코크렙제2호기업구조조정부동산투자회사
002850,00141334,영풍산업
048150,00384452,모닷텔
003590,00103583,광덕물산
005890,00162142,동원증권
054080,00236021,우주통신
019930,00106483,기라정보통신
027350,00208374,텔슨전자
048540,00309983,하이콤정보통신
037500,00277727,미래에셋굿라이프혼합형자녀를위한펀드5-1
006150,00136217,한메엔에스
038980,00229827,이지클럽
037010,00247902,넷컴스토리지
046000,00318477,모디아
037650,00246815,성진산업
038100,00260921,아이엠아이티
036880,00247762,맥시스템
056500,00350224,슈마일렉트론
006750,00101992,센추리
009360,00151614,베네데스하이텍
032610,00179832,에스오케이
036910,00241120,세원텔레콤
036060,00277985,한강구조조정기금
036590,00325918,케이엔티
009940,00110981,대아리드선
031150,00104467,국민은행
047610,00257361,월드텔레콤
054370,00358730,업필
045920,00248406,화림모드
053200,00348788,디이시스
000380,00110963,대아건설
042960,00267021,창민테크
049370,00330406,씨제이엔터테인먼트
027700,00110079,대백쇼핑
036600,00141440,지니웍스
001580,00135670,신광기업
023420,00144933,유진종합개발
066480,00371139,휘튼
031970,00218654,엠바이엔
002950,00115852,두산건설
001980,00113696,대호
037120,00253514,한신코퍼레이션
010730,00105509,금강화섬
001280,00163178,우리증권
039580,00264185,피코소프트
035960,00265157,바이오시스
039390,00270405,윌텍정보통신
002930,00125406,삼도물산
035910,00258731,현대멀티캡
144630,00822572,씨아이에스
090970,00580603,코리아퍼시픽01호선박투자회사
090980,00580612,코리아퍼시픽02호선박투자회사
086830,00317830,신양오라컴디스플레이
037620,00311030,미래에셋증권
050640,00439053,이룸지엔지
194860,00992312,에스와이이노베이션
090990,00580621,코리아퍼시픽03호선박투자회사
091000,00580630,코리아퍼시픽04호선박투자회사
050050,00262123,유아이에너지
083610,00533696,아시아퍼시픽14호선박투자회사
083600,00533757,아시아퍼시픽13호선박투자회사
083570,00533580,아시아퍼시픽10호선박투자회사
204760,01041217,현대에이블기업인수목적1호
083580,00533793,아시아퍼시픽11호선박투자회사
083590,00533836,아시아퍼시픽12호선박투자회사
004320,00144766,호반산업
082930,00525527,실리콘화일
058370,00372989,비엔씨컴퍼니
083360,00529523,동북아11호선박투자회사
083390,00526474,동북아14호선박투자회사
074130,00302801,디아이디
025270,00124018,부산방직공업
034750,00255071,현대에이치씨엔동작방송
065270,00364926,플렉스컴
160350,00350491,웹솔루스
088700,00450214,마이스코
222520,01022054,솔트웍스
011720,00164955,현대페인트
117930,00790501,한진해운
045050,00272412,글라소울
025930,00207542,팬택자산관리
068150,00394778,케이엔씨글로벌
078780,00446460,아이디에스
017170,00188946,훈영
007190,00137702,한솔아트원제지
074150,00418476,엠제이비
092630,00587101,바다로3호선박투자회사
053810,00351047,아이팩토리
114130,00778040,거북선5호선박투자회사
114140,00778059,거북선6호선박투자회사
000830,00126229,삼성물산
082390,00496003,피엘에이
063840,00359030,닉스테크
081940,00510914,아시아퍼시픽9호선박투자회사
108890,00697329,거북선4호선박투자회사
015110,00149664,중앙건설
042950,00318839,미래에셋새천년코리아벤처펀드일호
002860,00130897,하나은행
071930,00183260,에이스하이텍
039850,00246347,태창파로스
950010,00599230,평산차업집단유한공사
179280,00970277,스탠다드펌
002530,00122922,벽산건설
016420,00116860,NH농협증권
081210,00505569,아시아퍼시픽4호선박투자회사
025850,00160612,한화화인케미칼
224090,00659435,정다운
033030,00232317,지오엠씨
031950,00130860,에듀패스
026230,00113632,아이디에이치
134000,00837680,거북선7호선박투자회사
016560,00130815,서울상호저축은행
040670,00248123,와이즈파워
121550,00788807,코크렙제15호기업구조조정부동산투자회사
043890,00270432,티브로드한빛방송
102000,00648697,거북선3호선박투자회사
013450,00165529,동성하이켐
067130,00419989,클루넷
099210,00637114,코리아퍼시픽07호선박투자회사
056340,00361114,씨유전자
158380,00125628,삼목강업
037630,00265227,에스비엠
044440,00267669,솔빛미디어
119250,00693800,에프지엔개발전문자기관리부동산투자회사
187770,00991012,판타지오
010520,00164469,현대하이스코
092970,00586652,거북선1호선박투자회사
052350,00345657,코아에스앤아이
181980,00810531,자원메디칼
026250,00127370,삼우이엠씨
038320,00261124,어울림정보기술
035210,00244729,티브로드도봉강북방송
008900,00138127,티이씨앤코
010460,00156521,화인자산관리
000420,00120377,로케트전기
014350,00136970,신일건업
001300,00148328,제일모직
139170,00842479,퓨얼셀파워
950100,00907660,아루히
053870,00351269,지티앤티
052880,00350251,모아에스앤에스
033280,00206127,어울림엘시스
138440,00846396,이코리아자기관리부동산투자회사
003600,00144155,SK
103650,00678281,에이치앤아이
051710,00314888,디에스
110500,00653990,유니드코리아
072430,00451116,아이레보
010150,00159926,포스코티엠씨
101380,00648688,거북선2호선박투자회사
082240,00512550,아시아퍼시픽5호선박투자회사
082260,00512532,아시아퍼시픽7호선박투자회사
082250,00512541,아시아퍼시픽6호선박투자회사
207930,01047929,에스케이제1호기업인수목적
215580,01064315,대우기업인수목적3호
207720,01047567,엔에이치에스엘기업인수목적
204650,01043871,케이티비기업인수목적1호
215750,01065536,미래에셋제3호기업인수목적
110570,00636045,넥솔론
189700,00632331,디피앤케이
156170,00974459,비앤에스미디어
085980,00461690,세화피앤씨
232290,01111057,에스지에이시스템즈
900130,00823687,웨이포트유한공사
232360,00318538,아스팩오일
139200,00855145,하이골드오션2호선박투자회사
206660,01046179,골든브릿지제2호기업인수목적
005620,00110495,대성합동지주
900050,00722500,중국원양자원유한공사
083620,00533678,아시아퍼시픽15호선박투자회사
208870,01047716,하나머스트3호기업인수목적
104120,00686147,신성에프에이
104110,00686068,신성이엔지
061460,00163619,한진피앤씨
192240,00967778,나이코
204440,01038161,대우기업인수목적2호
036500,00267960,에스에스컴텍
083350,00529310,동북아10호선박투자회사
219580,01080410,골든브릿지제3호기업인수목적
086200,00413824,제이앤유글로벌
222390,01090301,케이비제8호기업인수목적
256090,01010572,패션플랫폼
218710,01075047,키움제3호기업인수목적
221200,01089828,유진기업인수목적3호
219860,01087079,한화에이스기업인수목적2호
217810,01072660,엔에이치기업인수목적7호
223040,01091391,교보5호기업인수목적
221950,01089961,케이비드림투게더제3호기업인수목적
219960,01089387,유안타제2호기업인수목적
252940,01111765,에스엠로보틱스
246830,01115257,시냅스엠
230490,01109186,동부제4호기업인수목적
235090,01095892,태경피엔에스
016170,00130949,카카오엠
051170,00202778,썬코어
237720,01090921,케이엠제약
226850,01102800,키움제4호기업인수목적
008000,00148717,도레이케미칼
207230,00959265,디와이엘엔제이
095300,00447478,엔에스브이
090730,00163789,심팩메탈
130960,00838421,씨제이이앤엠
225440,01094565,이베스트기업인수목적3호
900180,00842327,완리인터내셔널홀딩스
024660,00156044,하림홀딩스
004130,00109170,대덕GDS
026260,00207223,위너지스
087220,00454265,스틸플라워
900290,01170962,GRT
052290,00348177,트레이스
232270,01111020,케이비제9호기업인수목적
235010,01117103,하이에이아이1호기업인수목적
038990,00264644,넥스콘테크놀러지
047060,00334244,덴소코리아
082220,00535719,프렉코
900090,00790121,차이나하오란리사이클링유한공사
123100,00569992,원익테라세미콘
167380,00925453,나무기술
240540,01130937,한국제4호기업인수목적
099830,00232496,씨그널엔터테인먼트그룹
272420,01088458,극동자동화
007910,00108047,세원화성
094800,00600013,맵스리얼티1
111610,00609254,세왕
251540,01117495,에스와이제이
144740,00835734,피엠디아카데미
242420,01119217,본느
140890,00865382,트러스와이제7호위탁관리부동산투자회사
015170,00149877,중앙바이오텍
030950,00123514,보진재
900260,01139266,로스웰
250300,01018954,제이에스피브이
230400,00921475,자비스
265480,01199985,미래에셋대우기업인수목적1호
135270,00619020,세종머티리얼즈
257730,01179839,신한제3호기업인수목적
229480,01095397,줌인터넷
226610,01051339,한국비엔씨
247300,01113277,인프라웨어테크놀러지
264290,01197428,한화에이스기업인수목적3호
039530,00252755,씨앤케이인터내셔널
122050,01181940,아이엘사이언스
176560,00580180,포인트엔지니어링
077280,00473400,한컴지엠디
023430,00100717,아이이
026220,00133317,에스티씨라이프
265920,01201581,한화수성기업인수목적
026180,00200956,현대정보기술
232330,01111570,에스케이제3호기업인수목적
242850,01113781,영현무역
262830,01194759,대신밸런스제4호기업인수목적
122800,00527880,썬테크놀로지스
007150,00117638,동양텔레콤
252370,01063963,유쎌
210610,00656340,소프트캠프
271400,01194892,알로이스
043580,00222806,에임하이글로벌
271740,01234525,한국제5호기업인수목적
065180,00389679,해피드림
083380,00526465,동북아13호선박투자회사
047440,00324104,디케이씨
204690,00410678,다린
159650,00930321,하이골드오션8호국제선박투자회사
065310,00307037,더스텔라
900040,00695464,차이나그레이트스타인터내셔널리미티드
004740,00123152,보루네오가구
205290,01086812,케미메디
189540,00961136,씨티네트웍스
185280,00893923,이푸른
950110,00938688,SBI핀테크솔루션즈
094700,00530796,미성포리테크
123260,00671437,파인넥스
004200,00102681,고려개발
276920,01243550,아이비케이에스제7호기업인수목적
251960,00814810,엠에프엠코리아
284610,01186811,티에스트릴리온
220110,01066030,드림티엔터테인먼트
083370,00526447,동북아12호선박투자회사
088980,00435297,맥쿼리인프라
108790,00598587,인터파크
277480,01243772,신한제4호기업인수목적
900250,01107665,크리스탈신소재
152330,00351418,코리아오토글라스
220250,00843830,카이노스메드
099350,00647935,하나유비에스암바토비니켈해외자원개발2호
099340,00647883,하나유비에스암바토비니켈해외자원개발1호
291210,01277928,한국제7호기업인수목적
030270,00100258,에스마크
035480,00255141,글로앤웰
279410,01247918,한화에이스기업인수목적4호
281410,01257526,한국제6호기업인수목적
099660,00599887,신텍
197210,00601641,리드
039790,00261735,위노바
036260,00122339,이매진아시아
023890,00159290,한국아트라스비엑스
005190,00116356,동성화학
329050,01337114,구스앤홈
310840,01336391,엔에이치기업인수목적13호
103130,00609485,웅진에너지
060560,00288495,홈센타홀딩스
105840,00173944,우진
900080,00786331,에스앤씨엔진그룹리미티드
101930,00482426,인화정공
005710,00111874,대원산업
000490,00109286,대동
001590,00146719,일화모직공업
311270,01337220,키움제5호기업인수목적
001820,00129350,삼화콘덴서공업
000910,00144252,유니온
049800,00303217,우진플라임
065160,00389387,라임
058400,00208134,KNN
005720,00167192,넥센
023600,00125938,삼보판지
104040,00442905,대성파인텍
172580,00954242,하이골드오션12호국제선박투자회사
200880,01036446,서연이화
045890,00455112,금빛
001070,00112970,대한방직
011420,00129554,갤럭시아에스엠
031990,00110307,대선조선
217500,01068348,러셀
091270,00612115,유디피
317030,01351114,케이비제17호기업인수목적
307160,01326260,하나머스트제6호기업인수목적
900310,01236286,컬러레이
086080,00364111,다이노나
213090,01015726,미래테크놀로지
101060,00650629,SBS미디어홀딩스
026150,00186939,특수건설
900300,01169434,오가닉티코스메틱
000700,00163691,유수홀딩스
033110,00194275,코너스톤네트웍스
286000,01114559,씨엔티드림
028150,00207755,지에스홈쇼핑
053060,00133663,세동
224880,01137897,에스지에이클라우드서비스
014620,00132318,성광벤드
900110,00799070,이스트아시아홀딩스
313750,01343920,유안타제4호기업인수목적
317320,01351822,한화에스비아이기업인수목적
006340,00260392,대원전선
013720,00151605,CBI
094190,00379016,이엘케이
005870,00111421,휴니드테크놀러지스
068240,00523307,다원시스
010960,00128980,삼호개발
158300,00563147,에스에이티
323940,01371312,케이비제18호기업인수목적
139990,00486705,아주스틸
011280,00153524,태림포장
263860,00962223,지니언스
031440,00274933,신세계푸드
006910,00267881,보성파워텍
241520,01109715,DSC인베스트먼트
323210,01366365,이베스트이안기업인수목적1호
357780,01489648,솔브레인
014530,00105156,극동유화
253610,01262023,루트락
025340,00116073,그린기술투자
307070,01336285,에스케이에이씨피씨제4호기업인수목적
079440,00176792,오렌지라이프생명보험
080440,00366793,에스제이케이
053450,00351630,세코닉스
900140,00838500,엘브이엠씨
117730,00867098,티로보틱스
079560,00481223,넥스피안
225530,00568461,보광산업
183350,00989327,엘피케이로보틱스
311320,00668965,지오엘리먼트
015860,00146649,일진홀딩스
244460,01070149,올리패스
299030,00601191,하나기술
002620,00148443,제일파마홀딩스
006390,00164672,한일현대시멘트
001260,00107066,남광토건
367000,01454341,플래티어
052270,00291231,우전
004700,00148939,조광피혁
012720,00100957,건영
263690,00966168,디알젬
276040,01290248,스코넥
084730,00438036,팅크웨어
281740,01255652,레이크머티리얼즈
189300,00664181,인텔리안테크
001520,00117337,동양
214260,01058101,라파스
332370,01213586,아이디피
361670,00405506,삼영에스앤씨
039110,00268181,에스피컴텍
109820,00552992,진매트릭스
032040,00173731,씨앤에스자산관리
058970,00396925,엠로
290740,01141942,액트로
095610,00524421,테스
238490,00556712,힘스
090120,00491336,잘만테크
087260,00556615,모바일어플라이언스
049950,00447760,미래컴퍼니
353590,01084294,오토앤
109860,00118284,동일금속
083930,00442145,아바코
066310,00411446,큐에스아이
335810,01137295,프리시젼바이오
226340,01098792,본느
060850,00532129,영림원소프트랩
382840,01459212,원준
140860,00244747,파크시스템스
268280,01234297,미원에스씨
241710,00763473,코스메카코리아
009180,00140946,한솔로지스틱스
138580,01014657,비즈니스온
092590,00578325,럭스피아
149950,00442048,아바텍
140660,00663289,위월드
003650,00122056,미창석유공업
011320,00147152,유니크
220260,01089350,켐트로스
203400,00977377,에이비온
352910,00494546,오비고
073710,00493501,씨디네트웍스
007770,00267979,한일화학
109740,00530121,디에스케이
013520,00166272,화승코퍼레이션
078350,00488989,한양디지텍
165270,00659815,금오하이텍
005900,00117072,동양건설산업
187420,00983916,제노포커스
033220,00107303,피엔에스커튼월
066830,00393618,제노텍
179530,01022902,애드바이오텍
053320,00350738,제네시스디벨롭먼트홀딩스
008340,00133715,대주코레스
108490,00946030,로보티즈
002480,00122728,범양사
015350,00123967,부산도시가스
048770,00108649,TPC
032820,00231044,우리기술
100120,00609324,뷰웍스
026890,00117498,스틱인베스트먼트
034950,00156956,한국기업평가
372800,01429840,아이티아이즈
005820,00143794,원림
317530,01267222,캐리소프트
044340,00293886,위닉스
006440,00162780,한일건설
032290,00183215,케이디지엠텍
068060,00175650,케이씨더블류
217910,01139497,에스제이켐
140910,00860730,에이리츠
321260,01359736,프로이천
008730,00145260,율촌화학
019180,00118965,티에이치엔
014970,00125488,삼륭물산
104700,00687711,한국철강
042000,00260879,카페24
149010,00861100,아이케이세미콘
190650,00304915,코리아에셋투자증권
065950,00362159,웰크론
299660,01235296,셀리드
217950,01066058,파마리서치바이오
361570,01303029,알비더블유
322970,01293388,무진메디
004090,00157991,한국석유공업
317690,01311286,퀀타매트릭스
183490,00606886,엔지켐생명과학
334890,01394377,이지스밸류플러스리츠
018500,00118008,동원금속
159010,00561732,아스플로
192400,00132354,쿠쿠홀딩스
053740,00218052,국제엘렉트릭코리아
098400,00595243,엔스퍼트
005980,00133238,성지건설
012620,00143907,원일특강
086710,00132202,선진뷰티사이언스
122450,00657987,KX
371950,00417167,풍원정밀
028100,00178754,동아지질
065660,00631837,안트로젠
225330,00914040,씨엠에스에듀
093240,00441243,형지엘리트
006200,00159254,한국전자홀딩스
332710,01395279,하나금융14호기업인수목적
337450,01414361,에스케이제5호기업인수목적
340350,01414936,에스케이제6호기업인수목적
360070,01360875,탑머티리얼
305090,01267967,마이크로디지탈
097870,00367385,효성오앤비
251630,01027794,브이원텍
110020,00632793,전진바이오팜
254160,01366824,제이엠멀티
008870,00168401,금비
012250,00142591,셰프라인
336570,01407909,원텍
329560,01390876,상상인이안제2호기업인수목적
100840,00648721,SNT에너지
017250,00145914,인터엠
047770,00329093,코데즈컴바인
041140,00266943,넥슨지티
221610,00493431,자안바이오
267320,01208849,나인테크
950180,01338724,에스앤케이
351330,01135640,이삭엔지니어링
013890,00150633,지누스
005390,00136341,신성통상
267790,01182240,배럴
102710,00530185,이엔에프테크놀로지
122900,00360142,아이마켓코리아
270210,01187458,에스알바이오텍
206640,01046708,바디텍메드
039670,00298687,스포츠서울
055490,00256955,테이팩스
221840,00688358,하이즈항공
036830,00247975,솔브레인홀딩스
289080,00599151,SV인베스트먼트
378850,01532603,화승알앤에이
348150,01399071,고바이오랩
418170,01613281,하나금융22호스팩
107600,00862880,새빗켐
008350,00107224,남선알미늄
066110,00226228,한프
950210,01510489,프레스티지바이오파마
179440,00872850,비지스틸
153490,00815095,우리이앤엘
060310,00378363,3S
052190,00347877,세영디앤씨
228180,01067242,비엘사이언스
270020,01183407,이십일스토어
317870,00964595,엔바이오니아
348950,01415892,제이알글로벌리츠
023150,00121534,MH에탄올
297890,00523936,HB솔루션
014160,00111458,대영포장
002000,00159005,생고뱅코리아홀딩스
032560,00218575,황금에스티
174900,00991191,앱클론
309900,01350638,티티씨디펜스
270660,01201590,에브리봇
111710,00245694,남화산업
021820,00134316,세원정공
225860,01116274,엠앤씨생명과학
146320,01301623,비씨엔씨
330990,01393299,케이비제19호기업인수목적
176440,00872452,미래오토스
322180,01309388,티라유텍
088350,00113058,한화생명
030960,00139685,양지사
009070,00103042,케이씨티시
001250,00138190,GS글로벌
240340,01117592,인터코스
001080,00120872,만호제강
185190,00830447,수프로
251120,01160974,바이오에프디엔씨
243870,00565215,굿센
033600,00264787,럭슬
291650,01265251,압타머사이언스
284740,01267684,쿠쿠홈시스
241840,00975290,에이스토리
182690,00411905,테라셈
099750,00490090,이지케어텍
340120,01414370,하이제5호기업인수목적
050320,00245898,에스에이치엔엘
008110,00157104,대동전자
026970,00110060,대백저축은행
153360,00905316,하이골드오션3호선박투자회사
294630,00867973,서남
228670,00828761,레이
000680,00104698,LS네트웍스
003610,00122348,방림
289220,01264438,자이언트스텝
412930,01601286,미래에셋비전스팩1호
018120,00170877,진로발효
001720,00136721,신영증권
000640,00116824,동아쏘시오홀딩스
296640,01341630,이노룰스
217320,00963000,썬테크
206560,01021949,덱스터
047730,00304401,텔라움
101970,00450931,우양에이치씨
307750,01329957,국전약품
016590,00135777,신대양제지
225850,00866594,미애부
263800,00877819,데이타솔루션
422040,01619513,엔에이치스팩23호
317400,00367844,자이에스앤디
101490,00411048,에스앤에스텍
090850,00656951,현대이지웰
005680,00127200,삼영전자공업
000950,00147222,전방
019660,00159731,글로본
014590,00106456,지앤엘
053260,00105475,금강철강
006350,00147295,전북은행
025820,00145464,이구산업
230240,01108442,에치에프알
006890,00109161,태경케미컬
080520,00529815,오디텍
000050,00101628,경방
214420,00816544,토니모리
071280,00363486,로체시스템즈
028040,00111865,미래SCI
123690,00823429,한국화장품
036180,00257149,지더블유바이텍
054040,00303396,한국컴퓨터
214150,01061327,클래시스
277070,00616962,린드먼아시아
002920,00174004,유성기업
103590,00683469,일진전기
035430,00249034,드림라인
348370,01011526,엔켐
151750,00665630,테라텍
182360,00985686,큐브엔터
091580,00480783,상신이디피
138080,00571483,오이솔루션
160550,00974927,NEW
002760,00123107,보락
038680,00264635,에스넷
016670,00125725,디모아
228850,00899459,레이언스
089470,00357935,HDC현대EP
037710,00220561,광주신세계
003010,00165343,혜인
038010,00148595,제일테크노스
106190,00409964,하이텍팜
051600,00159218,한전KPS
000300,00126089,대유플러스
027580,00129615,상보
034830,00233653,한국토지신탁
103660,00762377,씨앗
035900,00258689,JYP Ent.
036560,00141389,영풍정밀
244880,01117422,나눔테크
001390,00101220,KG케미칼
115310,00491415,인포바인
007810,00152686,코리아써키트
003300,00162993,한일홀딩스
011390,00124027,부산산업
377030,01409095,맥스트
122690,00800145,서진오토모티브
000760,00145686,이화산업
012690,00173102,모나리자
078070,00411385,유비쿼스홀딩스
109080,00660291,옵티시스
036090,00258360,위지트
005290,00118804,동진쎄미켐
066270,00361725,에스케이커뮤니케이션즈
236200,01124653,슈프리마
090350,00583442,노루페인트
194370,00332927,제이에스코퍼레이션
051160,00389110,지어소프트
042420,00266952,네오위즈홀딩스
064960,00398792,SNT모티브
004910,00148920,조광페인트
253590,01170865,네오셈
023350,00159500,한국종합기술
083310,00484682,엘오티베큠
013810,00136165,스페코
357250,01437292,미래에셋맵스리츠
079370,00442570,제우스
001780,00117027,알루코
091340,00580667,S&K폴리텍
009270,00136864,신원
258790,01182408,소프트캠프
093380,00155373,풍강
105740,00533003,디케이락
032640,00231363,LG유플러스
049720,00336297,고려신용정보
001770,00137809,SHD
002360,00136457,SH에너지화학
108380,00111193,대양전기공업
078140,00442826,대봉엘에스
009720,00159175,한국전기초자
015360,00105101,예스코홀딩스
075130,00490179,플랜티넷
302430,01258710,이노메트리
141070,00678096,맥스로텍
058610,00220686,에스피지
177830,00429694,파버나인
208640,01049422,썸에이지
036010,00138598,아비코전자
114570,00673976,지스마트글로벌
136480,00857727,하림
123410,00803425,코리아에프티
101160,00580065,월덱스
119650,00797364,KC코트렐
041440,00228536,현대에버다임
001530,00118345,디아이동일
099430,00636656,바이오플러스
083500,00476036,에프엔에스테크
005360,00121288,모나미
442130,01678835,유진스팩9호
003200,00146269,일신방직
065940,00155382,바이오빌
025950,00116408,동신건설
017390,00130684,서울도시가스
131220,00608316,대한과학
024120,00157539,KB오토시스
204020,00671978,그리티
007540,00130091,샘표
002310,00138729,아세아제지
084370,00531014,유진테크
417180,01584934,핑거스토리
004890,00172936,동일산업
057030,00307222,YBM넷
036170,00232821,클라우드에어
051370,00369170,인터플렉스
000650,00151395,천일고속
073070,00235147,에이팸
122640,00530556,예스티
004560,00125743,현대비앤지스틸
204630,01046203,스튜디오산타클로스
032620,00220057,유비케어
258830,00959229,세종메디칼
005740,00153126,크라운해태홀딩스
031330,00128661,에스에이엠티
100030,00641171,인지소프트
085670,00493510,뉴프렉스
036810,00223434,에프에스티
011370,00131504,서한
430460,01663055,한화플러스제3호스팩
196700,00864338,웹스
084850,00579980,아이티엠반도체
252500,01169267,세화피앤씨
127980,00527002,화인써키트
006730,00130383,서부T&D
019540,00146560,일지테크
053610,00325112,프로텍
173940,00925295,에프엔씨엔터
076340,00321204,관악산업
141000,00610083,비아트론
036710,00152127,심텍홀딩스
229500,01065785,노브메타파마
087730,00496225,이엠네트웍스
261780,01141599,차백신연구소
440820,01677429,엔에이치스팩27호
272450,00653024,진에어
025750,00203582,한솔홈데코
215100,01063990,로보로보
161580,00938721,필옵틱스
297570,01309795,알로이스
120240,00250997,대정화금
098460,00579999,고영
094840,00599957,슈프리마에이치큐
092780,00117726,동양피스톤
012760,00116806,하스코
001490,00151447,천지산업
017940,00165583,E1
007330,00124805,푸른저축은행
138040,00860332,메리츠금융지주
057500,00307189,에스케이엔펄스
435620,01669475,하나금융25호스팩
265740,01217829,엔에프씨
439410,01675254,엔에이치스팩26호
438580,01674468,엔에이치스팩25호
017670,00159023,SK텔레콤
383800,01562589,LX홀딩스
215600,00919966,신라젠
011810,00138297,STX
021650,00160010,한국큐빅
017960,00159795,한국카본
243840,00807379,신흥에스이씨
011000,00118521,진원생명과학
311060,01264234,엘에이티
006260,00105952,LS
272210,00339391,한화시스템
067000,00397252,조이시티
006840,00125080,AK홀딩스
112190,00366517,KC산업
060720,00378628,KH바텍
278280,00897752,천보
071970,00406046,STX중공업
039240,00206039,경남스틸
003350,00160621,한국화장품제조
100790,00340096,미래에셋벤처투자
136540,00868705,윈스
046940,00363246,우원개발
084690,00539274,대상홀딩스
044960,00145473,이글벳
054410,00357607,케이피티유
090150,00365624,아이윈
417310,01180118,코람코더원리츠
017000,00136925,신원종합개발
376290,00575106,씨유테크
365270,01397772,큐라클
351340,01440481,아이비케이에스제13호기업인수목적
250930,01166109,예선테크
376980,01441611,원티드랩
094970,00533508,제이엠티
016600,00267942,큐캐피탈
040610,00264714,SG&G
101730,00643656,위메이드맥스
009290,00103592,광동제약
069080,00405320,웹젠
300720,01319808,한일시멘트
025320,00203023,시노펙스
419540,01506848,비스토스
204610,00609661,티쓰리
214270,01061497,FSN
440790,01677678,교보13호스팩
037350,00216498,성도이엔지
039440,00298340,에스티아이
214370,00549891,케어젠
007860,00163114,서연
377300,01244601,카카오페이
016830,00161444,한국씨티은행
000080,00150244,하이트진로
254120,01174038,자비스
225430,01095704,케이엠제약
448780,01206717,마이크로엔엑스
036640,00230911,HRS
084110,00228059,휴온스글로벌
100660,00166528,서암기계공업
006370,00108977,대구백화점
064760,00245472,티씨케이
263700,01187148,케어랩스
140670,00858124,알에스오토메이션
039010,00255044,현대에이치티
010820,00148522,퍼스텍
049480,00335076,오픈베이스
004800,00117188,효성
004430,00134963,송원산업
376930,01494118,노을
058110,00270113,멕아이씨에스
003690,00113191,코리안리
060000,00386937,국민은행
323410,01133217,카카오뱅크
118990,00876908,모트렉스
115500,00441650,케이씨에스
000390,00129387,삼화페인트공업
032280,00127909,삼일
039290,00243757,인포뱅크
195870,01032413,해성디에스
093190,00478900,빅솔론
344050,01419986,신영해피투모로우제6호기업인수목적
281820,01261893,케이씨텍
006400,00126362,삼성SDI
192530,01028164,광주은행
137310,00854997,에스디바이오센서
052510,00346966,에코솔루션
000070,00126937,삼양홀딩스
079160,00303873,CJ CGV
342550,01418543,케이비제20호기업인수목적
001550,00148948,조비
067250,00109453,케이조선
347770,01405390,핌스
199150,00553025,데이터스트림즈
079810,00445160,디이엔티
005030,00124151,부산주공
102260,00679314,동성케미컬
025540,00157070,한국단자공업
419080,01587056,엔젯
000400,00113562,롯데손해보험
262840,01146822,아이퀘스트
189350,00965062,코셋
368770,01513440,파이버프로
361390,01014718,제노코
046840,00343127,자유투어
215200,01074862,메가스터디교육
155650,00870861,와이엠씨
365900,01354740,브이씨
032580,00189538,피델릭스
037030,00231354,파워넷
056190,00358271,에스에프에이
241560,01032486,두산밥캣
130500,00491938,GH신소재
395400,01535150,SK리츠
383930,01437432,디티앤씨알오
069510,00306719,에스텍
017890,00158565,한국알콜
060380,00178851,동양에스텍
059100,00407285,아이컴포넌트
067310,00445054,하나마이크론
131180,00629212,딜리
028080,00219440,휴맥스홀딩스
037760,00239596,쎄니트
015200,00133089,성원
258540,01109122,에스엘테라퓨틱스
346010,01309069,타이드
001800,00117577,오리온홀딩스
007700,00126487,F&F 홀딩스
367460,01504804,유안타제7호기업인수목적
129920,00577335,대성하이텍
000320,00113508,노루홀딩스
041830,00269922,인바디
004100,00153755,태양금속공업
004980,00132804,성신양회
306040,01222432,에스제이그룹
217820,01020843,원익피앤이
365550,01437186,ESR켄달스퀘어리츠
237820,00862853,플레이디
011790,00139889,SKC
011210,00106623,현대위아
024880,00157636,케이피에프
068420,00407975,엔터미디어
036890,00174208,진성티이씨
265560,00659976,영화테크
255440,00875307,야스
900270,01160512,헝셩그룹
434190,01020269,탈로스
131390,00785475,원익피앤이
078150,00255275,HB테크놀러지
002900,00117230,TYM
010400,00143262,우진아이엔에스
011500,00160861,한농화성
004830,00114093,덕성
026960,00144395,동서
089980,00181299,상아프론테크
399720,01364747,가온칩스
051810,00347442,모보
075580,00415628,세진중공업
005450,00173740,신한
171010,00654272,램테크놀러지
038070,00373447,서린바이오
183190,00990165,아세아시멘트
032960,00199076,동일기연
226350,00809517,아이엠텍
008770,00165680,호텔신라
357580,01012987,아모센스
025770,00159342,한국정보통신
171090,00327819,선익시스템
101680,00257732,한국정밀기계
220180,00793155,핸디소프트
036190,00176516,금화피에스시
103140,00684714,풍산
009150,00126371,삼성전기
000140,00148993,하이트진로홀딩스
214320,00565154,이노션
441270,01686755,파인엠텍
322510,01153293,제이엘케이
001890,00141282,에이치디씨영창
093050,00593032,LF
042370,00103644,비츠로테크
007160,00124799,사조산업
004060,00133511,SG세계물산
077500,00414601,유니퀘스트
041930,00199988,동아화성
031920,00136095,조은저축은행
072130,00416654,유엔젤
267290,01208885,경동도시가스
138070,00577380,신진에스엠
009140,00102140,경인전자
071200,00435969,인피니트헬스케어
042110,00171867,에스씨디
065060,00258102,지엔코
039860,00230425,나노엔텍
040420,00287788,정상제이엘에스
004080,00173795,신흥
032710,00307897,신한카드
052690,00159209,한전기술
278990,01117246,EMB
207760,01047840,미스터블루
258050,01246742,테크트랜스
344860,01419135,이노진
094480,00587457,갤럭시아머니트리
217190,00666204,제너셈
008470,00124276,부스타
073010,00328191,케이에스피
043370,00155151,피에이치에이
012320,00143527,경동인베스트
191600,00611286,블루탑
013990,00138446,아가방컴퍼니
051390,00296263,YW
047310,00269612,파워로직스
198080,00876643,엔피디
045300,00350482,성우테크론
043650,00256715,국순당
027410,00219097,BGF
002290,00127936,삼일기업공사
001420,00154055,태원물산
085910,00447928,네오티스
206650,00927558,유바이오로직스
018670,00144164,SK가스
298540,01214743,더네이쳐홀딩스
025890,00159564,한국주강
122990,00759294,와이솔
092200,00112165,디아이씨
002880,00149804,대유에이텍
093920,00445799,서원인텍
065130,00366845,탑엔지니어링
363280,01497869,티와이홀딩스
008060,00109189,대덕
298020,01316227,효성티앤씨
037560,00222532,LG헬로비전
353200,01478712,대덕전자
352700,00875237,씨앤투스
430220,01656374,신영스팩8호
015260,00143314,에이엔피
002030,00138701,아세아
065500,00300405,오리엔트정공
181710,00983271,엔에이치엔
081580,00364306,성우전자
006050,00104537,국영지앤엠
052600,00244783,한네트
024890,00112022,대원화성
030000,00148276,제일기획
053800,00298270,안랩
337840,01396931,유엑스엔
049430,00152783,코메론
064350,00302926,현대로템
008020,00101336,경남에너지
007630,00167280,폴루스바이오팜
014280,00105299,금강공업
003540,00110893,대신증권
445970,01689938,신영스팩9호
298000,01316236,효성화학
104830,00623661,원익머트리얼즈
005830,00159102,DB손해보험
221670,01076550,주노콜렉션
019680,00108913,대교
049070,00226866,인탑스
078000,00361488,텔코웨어
045060,00220969,오공
007210,00122898,벽산
225590,01101041,패션플랫폼
012580,00132488,신세계톰보이
317120,01327092,라닉스
052860,00365758,아이앤씨
093320,00603348,케이아이엔엑스
140410,00808022,메지온
005320,00168331,국동
096300,00626710,한국월드와이드베트남부동산개발특별자산1호투자회사
161890,00939331,한국콜마
066590,00301422,우수AMS
148250,00915508,알엔투테크놀로지
114090,00557508,GKL
032940,00210980,원익
046970,00296005,우리로
215360,01077577,우리산업
184230,00988364,SGA솔루션즈
032350,00231372,롯데관광개발
066130,00221728,하츠
123860,00761952,아나패스
009470,00129271,삼화전기
011760,00164812,현대코퍼레이션
011200,00164645,HMM
119500,00188797,포메탈
388610,01221752,지에프씨생명과학
341160,01416457,하나금융15호기업인수목적
095270,00526696,웨이브일렉트로
256150,01069736,한독크린텍
115530,00660033,씨엔플러스
003090,00111810,대웅
217600,01070857,켐온
290510,00540340,코리아센터
067170,00397289,오텍
245450,01116380,씨앤에스링크
012510,00172291,더존비즈온
063760,00374020,이엘피
408900,01139965,스튜디오미르
323990,01335851,박셀바이오
073490,00462121,이노와이어리스
123570,00616290,이엠넷
018260,00126186,삼성에스디에스
079430,00300548,현대리바트
219420,01109955,링크제니시스
394280,01571107,오픈엣지테크놀로지
000240,00160047,한국앤컴퍼니
020000,00188089,한섬
005380,00164742,현대자동차
011780,00106368,금호석유화학
038620,00264228,위즈코프
191410,00843900,육일씨엔에쓰
000590,00149026,CS홀딩스
049520,00256380,유아이엘
024060,00167004,흥구석유
039230,00295370,제이앤케이인더스트리
264850,01199189,이랜시스
054340,00302120,피앤텔
140520,00112721,대창스틸
123330,00624998,제닉
187870,00624509,디바이스이엔지
026940,00123781,부국철강
121890,00604815,에스디시스템
083420,00454946,그린케미칼
001310,00155498,풍림산업
260870,01188730,SK시그넷
061040,00309831,알에프텍
357880,01381984,비트나인
059090,00366942,미코
036460,00261285,한국가스공사
393890,01291317,더블유씨피
194610,01011562,우성아이비
310870,01336443,디와이씨
179900,00961774,유티아이
254490,00299844,미래반도체
082920,00154718,비츠로셀
049120,00350020,파인디앤씨
004510,00117382,디와이홀딩스
018310,00125646,삼목에스폼
014990,00106881,인디에프
008490,00131692,서흥
028670,00122737,팬오션
294570,01311055,쿠콘
072870,00422284,메가스터디
048410,00313649,현대바이오
002070,00107677,비비안
056080,00234227,유진로봇
001840,00145668,이화공영
072990,00527464,에이치시티
035610,00249982,솔본
155660,00110608,DSR
290720,01259311,푸드나무
095500,00526836,미래나노텍
306620,01325429,네온테크
210540,01059605,디와이파워
115480,00681249,씨유메디칼
079650,00130408,서산
016140,00131328,두함지개발
090710,00540429,휴림로봇
265520,01203808,AP시스템
068930,00398808,디지털대성
008120,00124577,엠소닉
014190,00128175,원익큐브
214450,00970453,파마리서치
203450,00408266,유니온커뮤니티
327970,01344752,케어룸의료산업
033240,00146861,자화전자
012030,00163345,DB
058480,00252001,해원에스티
016800,00161709,퍼시스
057540,00265005,옴니시스템
119830,00626011,아이텍
052790,00348034,액토즈소프트
290660,01246034,네오펙트
203650,01038693,드림시큐리티
207490,00832700,에이펙스인텍
277810,01261644,레인보우로보틱스
251970,00761059,펌텍코리아
377740,00622787,바이오노트
155960,00676122,지디
006880,00136402,신송홀딩스
349720,01436336,이베스트기업인수목적5호
023160,00153375,태광
002230,00155638,피에스텍
436610,01672114,한국제11호스팩
143210,00119140,핸즈코퍼레이션
023900,00155452,풍국주정
105630,00728638,한세실업
317330,01021666,덕산테코피아
000180,00133335,성창기업지주
014580,00122481,태경비케이
005350,00123648,심팩인더스트리
047400,00369833,유니온머티리얼
000670,00141307,영풍
286750,01136001,나노브릭
000720,00164478,현대건설
001200,00131054,유진증권
257720,00982023,실리콘투
129260,00151368,인터지스
033100,00185356,제룡전기
232530,00925967,이엠티
029780,00126292,삼성카드
001450,00164973,현대해상
071320,00159698,지역난방공사
004690,00128555,삼천리
015230,00112679,대창단조
406760,01593242,하나금융21호스팩
003100,00131896,선광
195440,01113949,퓨전
038060,00406329,루멘스
365340,01274329,성일하이텍
115180,01042650,큐리언트
064480,00359076,브리지텍
121600,00439965,나노신소재
032800,00231691,판타지오
219550,01089378,디와이디
359090,01487446,씨엔알리서치
010040,00160205,한국내화
095660,00628860,네오위즈
046390,00301112,삼화네트웍스
113810,00576789,디젠스
056360,00360674,코위버
038880,00252269,아이에이
024940,00133557,PN풍년
192440,00917861,슈피겐코리아
331380,01393721,포커스에이치엔에스
111110,00226316,호전실업
238120,01073678,얼라인드
033550,00268011,일레덱스홀딩스
011230,00129280,삼화전자공업
014940,00141608,오리엔탈정공
009280,00130046,다함이텍
059120,00404288,아진엑스텍
049830,00135467,승일
319660,01365825,피에스케이
421800,01620713,교보12호스팩
036530,00225159,SNT홀딩스
062970,00403766,피피아이
006650,00260383,대한유화
425040,01301252,티이엠씨
094360,00579971,칩스앤미디어
233990,01063556,질경이
067920,00364847,이글루
143160,00883980,아이디스
001210,00106395,금호전기
039560,00268251,다산네트웍스
008600,00104999,윌비스
119610,00604426,인터로조
086060,00491053,진바이오텍
225650,01102095,쿠첸
033920,00121543,무학
054800,00359580,아이디스홀딩스
000100,00145109,유한양행
053290,00363927,NE능률
032080,00201131,아즈텍WB
069730,00151298,DSR제강
092460,00528515,한라IMS
009450,00101488,경동나비엔
187270,00925189,신화콘텍
000110,00148504,한국스탠다드차타드은행
014910,00132628,성문전자
438220,01675014,대신밸런스제13호스팩
058630,00397058,엠게임
196170,00989619,알테오젠
276240,01119651,엘리비젼
170920,00866062,엘티씨
052330,00305297,코텍
053690,00413523,한미글로벌
045520,00185222,크린앤사이언스
251280,01115044,안지오랩
017370,00142883,우신시스템
002960,00158149,한국쉘석유
036690,00268118,코맥스
035150,00122551,백산
299480,01188749,지앤이헬스케어
025980,00161781,아난티
104620,00632845,노랑풍선
098660,00612188,에스티오
036670,00265041,KCI
088390,00494476,이녹스
175330,00980122,JB금융지주
002700,00173698,신일전자
086890,00526872,이수앱지스
263920,01185566,휴엠앤씨
365590,01505186,하이딥
442310,01696451,대신밸런스제14호스팩
103230,00137012,에스앤더블류
076080,00487546,웰크론한텍
052020,00273110,에스티큐브
003160,00118275,디아이
044780,00235183,에이치케이
121850,00807397,코이즈
065710,00220622,서호전기
002450,00127857,삼익악기
007590,00115384,동방아그로
053110,00352718,소리바다
110790,00522007,크리스에프앤씨
011560,00133876,세보엠이씨
011700,00162072,한신기계공업
127710,00665676,아시아경제
102370,00668600,케이옥션
123890,00404701,한국자산신탁
078930,00500254,GS
030610,00113359,교보증권
439250,01675227,삼성스팩7호
425290,01624162,삼성스팩6호
005010,00156488,휴스틸
086390,00540447,유니테스트
052260,00347062,현대바이오랜드
079940,00506294,가비아
227840,01108099,현대코퍼레이션홀딩스
038950,00264732,파인디지털
042500,00352499,링네트
069330,00400121,유아이디
142210,00879020,유니트론텍
383220,01568413,F&F
080000,00455981,에스엔유
043360,00295547,디지아이
053620,00186717,태양
078600,00177816,대주전자재료
048910,00351807,대원미디어
247540,01160363,에코프로비엠
101170,00567222,우림피티에스
001560,00148461,제일연마
199290,00669450,바이오프로테크
049630,00147082,재영솔루텍
089600,00486097,나스미디어
040910,00298377,아이씨디
255220,00963976,SG
307280,01326224,원바이오젠
338100,01391033,NH프라임리츠
024090,00177199,디씨엠
096630,00573269,에스코넥
004780,00109587,대륙제관
016450,00161976,한세예스24홀딩스
263770,01196313,유에스티
086040,00447502,바이오톡스텍
054210,00206659,이랜텍
000440,00149770,중앙에너비스
036620,00261009,감성코퍼레이션
413300,01583953,티엘엔지니어링
010690,00166315,화신
090470,00493185,제이스텍
110660,00555740,툴코리아
008970,00117629,동양철관
053660,00188715,현진소재
234300,01014055,에스트래픽
052400,00349732,코나아이
071090,00435312,하이스틸
223250,00916826,드림씨아이에스
261200,01187494,덴티스
329020,01388631,오션스톤
437780,01674538,엔에이치스팩24호
402420,01507722,켈스
164060,01142400,이루다
039030,00246417,이오테크닉스
310210,01327746,보로노이
089590,00555874,제주항공
314930,01117413,바이오다인
067770,00406727,세진티에스
003550,00120021,LG
065620,00201788,제낙스
074000,00447982,에스지피엠
071050,00432102,한국금융지주
041190,00231664,우리기술투자
003490,00113526,대한항공
023450,00115065,동남합성
357550,00921916,석경에이티
024740,00162832,한일단조
043200,00266934,파루
058470,00369657,리노공업
053700,00351092,삼보모터스
234340,00763701,헥토파이낸셜
126340,00563518,비나텍
037400,00155692,우리엔터프라이즈
021240,00170558,코웨이
039130,00269940,하나투어
054940,00360577,엑사이엔씨
005070,00129989,코스모신소재
068050,00397191,팬엔터테인먼트
114630,00663669,폴라리스우노
030520,00204262,한글과컴퓨터
023960,00121969,에쓰씨엔지니어링
049960,00357430,쎌바이오텍
019210,00139719,와이지-원
037070,00238153,파세코
035460,00258421,기산텔레콤
226330,01344336,신테카바이오
226400,01082348,오스테오닉
051910,00356361,LG화학
063170,00410915,서울옥션
117670,00605124,알파홀딩스
101400,00641393,엔시트론
083650,00409788,비에이치아이
396690,01576102,미래에셋글로벌리츠
214680,01062867,디알텍
127160,00806972,매직마이크로
001040,00148540,CJ
000150,00117212,두산
072470,00359623,우리산업홀딩스
234070,00614089,에이원알폼
037950,00242712,엘컴텍
038460,00240857,바이오스마트
038540,00306162,상상인
043340,00203209,에쎈테크
002170,00127042,삼양통상
091120,00541163,이엠텍
021080,00161462,에이티넘인베스트
352820,01204056,하이브
005750,00109754,대림비앤코
000270,00106641,기아
003070,00152880,코오롱글로벌
009160,00138260,SIMPAC
023530,00120526,롯데쇼핑
012450,00126566,한화에어로스페이스
004990,00120562,롯데지주
094820,00485177,일진파워
038390,00261355,레드캡투어
017800,00164724,현대엘리베이터
054450,00423177,텔레칩스
000890,00123541,보해양조
354230,01418260,폭스소프트
033130,00231442,디지틀조선
214180,01013311,헥토이노베이션
037270,00249247,YG PLUS
011400,00173069,아진카인텍
425420,01035368,티에프이
290520,00961570,신도기연
003380,00148364,하림지주
037460,00128315,삼지전자
144960,00521390,뉴파워프라즈마
060540,00379229,에스에이티
347140,01428249,케이프이에스제4호기업인수목적
158310,00923899,참존글로벌
034020,00159616,두산에너빌리티
183300,00997812,코미코
205500,01042429,액션스퀘어
094170,00695969,동운아나텍
011090,00139764,에넥스
094940,00537832,푸른기술
014680,00140955,한솔케미칼
001750,00162416,한양증권
038160,00334624,팍스넷
021880,00136101,메이슨캐피탈
002710,00117300,TCC스틸
236810,01051065,엔비티
017480,00128926,삼현철강
214430,00612489,아이쓰리시스템
227950,01105621,엔투텍
215380,01065013,우정바이오
003800,00140052,에이스침대
092300,00367455,현우산업
120780,00673301,전우정밀
318660,01345724,타임기술
036840,00165361,휴코드홀딩스
214330,00105606,금호에이치티
002420,00133618,세기상사
163730,01142075,핑거
048430,00201742,유라테크
072950,00359261,빛샘전자
202960,00541862,판도라티비
044990,00311216,에이치엔에스하이텍
445360,01689336,비엔케이제1호스팩
004360,00133812,세방
108860,00666064,셀바스AI
189330,00991298,씨이랩
096690,00608839,에이루트
140610,01018802,엔솔바이오사이언스
096870,00540571,엘디티
067900,00190756,와이엔텍
079170,00202839,한창산업
352940,00367871,인바이오
083450,00540863,GST
241820,01051092,피씨엘
001270,00123772,부국증권
103840,00486875,우양
067010,00400060,이씨에스
007690,00104388,국도화학
002200,00158112,한국수출포장공업
084680,00540605,이월드
328130,01397620,루닛
256940,01037214,케이피에스
123420,00815767,위메이드플레이
094860,00599106,네오리진
013310,00139083,아진산업
002220,00163196,한일철강
005250,00108135,녹십자홀딩스
003960,00109718,사조대림
430230,01658266,하나금융24호스팩
187790,00994994,나노
010170,00113261,대한광통신
194510,00977696,넥스쳐
002870,00137368,신풍
032540,00201733,TJ미디어
000860,00100939,강남제비스코
277880,01139035,티에스아이
208370,01047451,셀바스헬스케어
256840,01179617,한국비엔씨
143540,00569646,영우디에스피
068290,00423690,삼성출판사
016920,00152260,카스
005160,00172680,동국산업
065510,00398668,휴비츠
234920,01020524,자이글
170790,00492353,파이오링크
131400,00533924,이브이첨단소재
084440,00531078,유비온
115610,00694942,이미지스
050760,00340272,에스폴리텍
215000,01067516,골프존
173130,00867849,오파스넷
001380,00152039,SG글로벌
092230,00587466,KPX홀딩스
274090,01158553,켄코아에어로스페이스
012280,00141413,영화금속
103160,00684732,풀무원식품
139670,00535375,키네마스터
065570,00288343,삼영이엔씨
228340,00993931,동양파일
004140,00115287,동방
241590,01128613,화승엔터프라이즈
006060,00166227,화승인더스트리
311690,01071041,CJ 바이오사이언스
088790,00557933,진도
011160,00102760,두산건설
120030,00796994,조선선재
213420,01061558,덕산네오룩스
373340,01514519,유진기업인수목적6호
013120,00117966,동원개발
058730,00353878,다스코
348030,01210190,모비릭스
237880,00957735,클리오
454640,01724417,하나29호스팩
030190,00158325,NICE평가정보
012600,00151863,청호ICT
061970,00412348,LB세미콘
147760,00654175,피엠티
245620,01182550,EDGC
259960,00760971,크래프톤
038290,00261373,마크로젠
140290,00599489,청광건설
397030,01375822,에이프릴바이오
396300,00534701,세아메카닉스
216050,00819073,인크로스
001460,00122579,BYC
448710,00959210,코츠테크놀로지
458320,01766167,KB제26호스팩
348840,01343735,데이드림엔터테인먼트
089230,00519252,THE E&M
417500,01367586,제이아이테크
323280,01366000,태성
950140,01165739,잉글우드랩
239890,01112889,피엔에이치테크
412350,01573381,레이저쎌
123700,00815369,에스제이엠
454750,01724338,하나28호스팩
036540,00301246,SFA반도체
018880,00161125,한온시스템
060280,00356802,큐렉소
380540,01506990,옵티코어
224110,01099861,에이텍모빌리티
448830,01702424,미래에셋비전스팩3호
013870,00156354,지엠비코리아
092730,00551920,네오팜
378340,01488320,필에너지
025560,00197759,미래산업
078520,00400857,에이블씨엔씨
130660,00194947,한전산업
226320,00911955,잇츠한불
457940,01744703,SK증권제10호스팩
451700,01712616,엔에이치스팩29호
455250,01724709,KB제25호스팩
221800,01026616,유투바이오
240600,01085026,유진테크놀로지
282330,01263022,BGF리테일
405350,01591606,아이비케이에스제17호기업인수목적
017860,00108612,DS단석
469880,01791321,하나30호스팩
377630,01528530,삼성기업인수목적4호
104480,00693554,티케이케미칼
200130,01032404,콜마비앤에이치
000010,00149293,신한은행
041650,00129642,상신브레이크
007460,00152385,에이프로젠
031860,00180865,에스유홀딩스
105330,00606664,케이엔더블유
308080,01335790,바이젠셀
440200,01676989,케이비제23호기업인수목적
188260,01305869,세니젠
464680,01785551,KB제27호스팩
088280,00561723,쏘닉스
017680,00112819,데코앤에프
353070,01447217,에이치엠씨아이비제4호기업인수목적
102210,00299358,트레스
442900,01683387,미래에셋드림스팩1호
003570,00134477,SNT다이내믹스
010640,00160375,진양폴리우레탄
298050,01316254,효성첨단소재
448900,00765897,한국피아이엠
010950,00138279,S-Oil
010100,00160418,한국무브넥스
250060,01165155,모비스
388220,01568875,하나금융19호기업인수목적
271830,01146220,팸텍
005950,00145552,이수화학
053080,00304076,케이엔솔
010240,00167031,흥국
067990,00449379,도이치모터스
007340,00116949,DN오토모티브
054090,00239514,삼진엘앤디
044380,00269241,주연테크
382800,00958327,지앤비에스 에코
271850,01163050,다이오진
290670,01259418,대보마그네틱
099440,00580056,스맥
008270,00260356,산은캐피탈
060370,00225742,LS마린솔루션
457390,01751448,대신밸런스제15호스팩
266470,01130885,바이오인프라생명과학
033020,00206084,세아메탈
101360,00619640,에코앤드림
042660,00111704,한화오션
071850,00302582,캐스텍코리아
195500,00770312,마니커에프앤지
046070,00295857,코다코
288330,01227039,브릿지바이오
001740,00131780,SK네트웍스
095700,00545929,제넥신
462020,01767494,에이치엠씨제6호스팩
092790,00220613,넥스틸
419530,01082418,SAMG엔터
052960,00302236,태양3C
224060,00530413,더코디
900340,01328639,윙입푸드
020400,00191287,대동금속
438700,01605529,버넥트
260930,01144028,씨티케이
214610,01049167,미코바이오메드
215090,01063884,휴센텍
023590,00176914,다우기술
311840,01195828,대원모방
397500,01580178,대신밸런스제11호기업인수목적
005110,00163716,한창
367480,01504910,유안타제8호기업인수목적
146060,00495633,율촌
115160,00787057,휴맥스
027390,00117258,한화갤러리아타임월드
308170,00450010,씨티알모빌리티
001120,00120076,LX인터내셔널
051380,00297934,피씨디렉트
033160,00121686,엠케이전자
216400,00537221,인바이츠바이오코아
044450,00160232,KSS해운
450080,01311408,에코프로머티
079950,00409371,인베니아
066570,00401731,LG전자
096240,00525882,크레버스
419120,01516368,산돌
376300,01456011,디어유
210980,00508344,SK디앤디
340930,01368637,유일에너테크
159910,00896753,스킨앤스킨
118000,00791209,에스메디
024850,00155586,HLB이노베이션
263020,00892526,디케이앤디
008670,00138321,신한투자증권
079190,00479705,케스피온
377480,01297898,마음AI
136510,00763358,스마트솔루션즈
205100,01042085,엑셈
339950,01414422,아이비김영
462520,01770203,조선내화
069140,00410997,누리플랜
015540,00108065,에코바이브
026040,00120289,제이에스티나
133750,00807555,메가엠디
330730,01305249,스톤브릿지벤처스
073110,00494218,엘엠에스
376190,00527011,LB루셈
122310,00799539,제노레이
440320,01585155,오픈놀
006800,00111722,미래에셋증권
038870,00287812,에코바이오
144620,00652159,코오롱머티리얼
242040,01136348,나무기술
373170,01497142,엠아이큐브솔루션
033430,00244419,디에스티
288490,01267550,나라소프트
440110,01292291,파두
950170,01041828,JTC
083640,00475976,인콘
010580,00147860,에스엠벡셀
093640,00536888,케이알엠
005560,00140362,제이에스전선
353060,01447244,에이치엠씨아이비제5호기업인수목적
006220,00148832,제주은행
446750,01696275,하나26호스팩
067280,00425351,멀티캠퍼스
387310,01567520,대신밸런스제10호기업인수목적
356680,01372782,엑스게이트
039610,00217743,화성밸브
009770,00128227,삼정펄프
102280,00681142,쌍방울
211050,01013694,인카금융서비스
466910,01785056,엔에이치스팩30호
355690,01444380,에이텀
348210,01080252,넥스틴
396470,00866451,워트
351020,01547933,미쥬
446440,01281541,에피바이오텍
199550,01161432,레이저옵텍
340440,01416572,세림B&G
090370,00442835,메타랩스
049130,00352000,하우리
024900,00114154,덕양산업
033180,00193009,KH 필룩스
012170,00145437,아센디오
302550,01275665,리메드
464440,01775952,한국제13호스팩
290380,00384948,대유
035250,00255619,강원랜드
138690,00670085,엘아이에스
432470,01402995,케이엔에스
160980,00659161,싸이맥스
043590,00260611,웰킵스하이텍
034310,00158316,NICE
050960,00577016,수산아이앤티
090430,00583424,아모레퍼시픽
380440,01535257,엔에이치기업인수목적19호
215480,01064069,토박스코리아
022100,00155212,포스코DX
293780,01251595,압타바이오
389030,01494154,지니너스
405920,01021639,나라셀라
001970,00173661,에스지신성건설
018620,00103547,우진비앤지
020150,00113997,롯데에너지머티리얼즈
008370,00144012,원풍
025900,00173032,동화기업
048550,00185046,SM C&C
077970,00480455,STX엔진
056700,00228350,신화인터텍
003850,00123143,보령
101240,00520610,씨큐브
266170,00990396,뿌리깊은나무들
365330,01135084,에스와이스틸텍
101390,00609634,아이엠
070300,00683007,엑스큐어
008560,00163682,메리츠증권
027040,00130587,서울전자통신
017510,00133751,세명전기
012860,00137234,모베이스전자
042510,00255433,라온시큐어
036120,00260745,SCI평가정보
037330,00265421,인지디스플레
052710,00298447,아모텍
064260,00389970,다날
251370,00602172,와이엠티
429270,01284751,시지트로닉스
303030,01318933,지니틱스
141020,00812362,디에스앤엘
043710,00305570,서울리거
107590,00706715,미원홀딩스
047820,00299464,초록뱀미디어
068790,00361594,DMS
402340,01596425,SK스퀘어
054920,00363592,한컴위드
208850,01116344,이비테크
092190,00488402,서울바이오시스
109610,00535481,에스와이
086520,00536541,에코프로
180400,00995993,DXVX
060900,00367695,DGP
309930,01335453,오하임앤컴퍼니
079960,00178790,동양이엔피
232680,00911229,라온테크
002990,00106313,금호건설
009310,00153621,참엔지니어링
051360,00390365,토비스
045660,00256502,에이텍
198940,00156600,한주라이트메탈
101670,00527491,하이드로리튬
432720,01584183,퀄리타스반도체
452160,01309421,제이엔비
089890,00365934,코세스
308100,01181807,까스텔바작
362320,01534577,청담글로벌
106240,00755739,파인테크닉스
027740,00204208,마니커
032860,00205687,더라미
128820,00828789,대성산업
246250,01112700,에스엘에스바이오
051310,00181934,플랜텍
026910,00104120,광진실업
033250,00125576,체시스
264450,01203376,유비쿼스
430690,01602638,한싹
417860,01472930,오브젠
352090,01226270,스톰테크
091590,00108001,남화토건
035290,00249502,골드앤에스
004020,00145880,현대제철
379390,01365384,이성씨엔아이
404950,01591262,디비금융제10호기업인수목적
452190,00607496,한빛레이저
013700,00129420,까뮤이앤씨
035620,00259590,바른손이앤에이
134380,00855163,미원화학
064850,00331016,에프앤가이드
095340,00572905,ISC
131100,00814786,티엔엔터테인먼트
134060,00788737,이퓨쳐
081970,00584362,케이엑스넥스지
236340,01023822,메디젠휴먼케어
018700,00122205,바른손
057680,00372688,티사이언티픽
354320,00229030,알멕
005850,00125521,에스엘
330590,01363818,롯데리츠
418420,00965512,라온텍
078890,00441304,가온그룹
112290,00619507,와이씨켐
303360,01267958,프로티아
296160,01156795,프로젠
452300,01497124,캡스톤파트너스
041020,00269852,폴라리스오피스
006040,00118026,동원산업
005960,00115612,동부건설
008830,00109310,대동기어
000370,00135917,한화손해보험
075970,00472890,동국알앤에스
005430,00156691,한국공항
023000,00191588,삼원강재
272550,01060814,삼양패키징
267260,01205851,HD현대일렉트릭
187220,00675594,디티앤씨
396770,01576713,엔에이치기업인수목적22호
298830,01012640,슈어소프트테크
274400,00965318,이노시뮬레이션
456490,01760640,교보14호스팩
115450,00552859,HLB테라퓨틱스
080160,00456218,모두투어
456570,01579020,아이엠지티
321370,01593668,센서뷰
220630,01089855,맘스터치앤컴퍼니
177350,00813389,베셀
100090,00480367,SK오션플랜트
003720,00127255,삼영
008500,00146542,일정실업
108230,00531917,톱텍
093520,00596677,매커스
353490,01450105,미래에셋대우기업인수목적5호
417790,01134216,트루엔
016380,00115676,KG스틸
225570,01096341,넥슨게임즈
426670,01631658,대신밸런스제12호기업인수목적
439090,01136977,마녀공장
063080,00535746,컴투스홀딩스
137940,00614593,넥스트아이
192520,01030132,경남은행
273640,01215618,와이엠텍
052300,00349811,씨티프라퍼티
155900,00910947,바다로19호선박투자회사
900120,00800084,씨엑스아이
367360,01505469,디비금융제9호기업인수목적
208710,01047707,바이오로그디바이스
081660,00195229,휠라홀딩스
002150,00114552,도화엔지니어링
008260,00116301,NI스틸
006920,00163318,모헨즈
013570,00117179,디와이
036480,00177320,대성미생물
008420,00121570,문배철강
054950,00361381,제이브이엠
024070,00142865,WISCOM
091700,00490151,파트론
452280,00958451,한선엔지니어링
034120,00130772,SBS
050860,00138747,아세아텍
076610,00483735,해성옵틱스
058420,00359474,제이웨이
005300,00120571,롯데칠성음료
033500,00231105,동성화인텍
347890,00670766,엠투아이
019440,00133991,세아특수강
457550,01030503,우진엔텍
471050,01792825,대신밸런스제17호스팩
275630,01250374,에스에스알
036030,00260958,케이티알파
148930,00885906,에이치와이티씨
156100,00918222,엘앤케이바이오
457630,01738483,대신밸런스제16호스팩
100590,00364740,머큐리
016880,00143651,웅진
159580,00563837,제로투세븐
246690,00778235,TS인베스트먼트
200350,00990819,래몽래인
129890,01207716,앱코
085310,00172228,엔케이
108670,00759513,LX하우시스
134790,00852087,시디즈
204320,01042775,HL만도
316140,01350869,우리금융지주
033830,00204642,티비씨
002320,00163512,한진
363260,01493535,모비데이즈
023810,00180795,인팩
086670,00524786,비엠티
100250,00646732,진양홀딩스
310200,01335578,애니플러스
096640,00609315,멜파스
447690,01680131,아이오바이오
097520,00564562,엠씨넥스
432320,01622720,KB스타리츠
456700,00874797,길교이앤씨
455310,01725160,한화플러스제4호스팩
123010,00615723,아이윈플러스
405000,01575839,플라즈맵
377400,01526949,하이제6호기업인수목적
362990,01492688,드림인사이트
070080,00430089,삼보오토
230360,01029394,에코마케팅
288620,01257872,에스퓨얼셀
066970,00398701,엘앤에프
152550,00907013,한국ANKOR유전
168490,00960641,한국패러랠
012340,00105040,뉴인텍
045510,00147772,정원엔시스
064820,00152437,케이프
032680,00204226,소프트센
014470,00243067,부방
066900,00303192,디에이피
054780,00353762,키이스트
024800,00173999,유성티엔에스
057050,00412597,현대홈쇼핑
039020,00184889,이건홀딩스
047080,00348292,한빛소프트
105760,00862312,포스뱅크
068400,00201450,에스케이렌터카
238090,00942131,앤디포스
016610,00115694,DB금융투자
448370,01700374,하나27호스팩
149300,00578130,아퓨어스
223220,01060735,로지스몬
035200,00356389,프럼파스트
067630,00365590,HLB생명과학
266870,01190780,파워풀엑스
135160,00657756,무송지오씨
043910,00418379,자연과환경
083470,00475718,이엠앤아이
095190,00526951,이엠코리아
354200,01397903,엔젠바이오
047810,00309503,한국항공우주
054630,00356927,에이디칩스
347000,01023318,센코
409570,01596665,한국제10호기업인수목적
440290,00309460,HB인베스트먼트
094850,00606770,참좋은여행
241770,00652007,메카로
272110,00769158,케이엔제이
138360,00808068,협진
211270,00874803,AP위성
372170,00925374,윤성에프앤씨
228760,01108248,지노믹트리
366030,01307335,공구우먼
333050,01407158,모코엠시스
149940,00757816,모다
284620,01263527,카이노스메드
012610,00102113,경인양행
079970,00596260,투비소프트
044820,00219574,코스맥스비티아이
296520,01229240,가이아코퍼레이션
102460,00145598,이연제약
263540,00971090,어스앤에어로스페이스
080010,00454399,이상네트웍스
091970,00542074,나노캠텍
443250,01468061,레뷰코퍼레이션
355150,01476219,코스텍시스
206400,01043853,베노티앤알
084870,00409672,티비에이치글로벌
066910,00306870,손오공
257990,00425254,나우코스
115440,00664048,우리넷
427950,01652970,하나금융23호기업인수목적
102120,00591441,어보브반도체
250030,01158632,진코스텍
004770,00138057,써니전자
019560,00162081,한국투자파트너스
060230,00363510,소니드
220100,01053540,퓨쳐켐
253450,01168684,스튜디오드래곤
264660,00605328,씨앤지하이테크
004380,00127802,삼익THK
000210,00109693,DL
115960,00372253,연우
096610,00516246,알에프세미
082740,00361008,한화엔진
306200,01325979,세아제강
307930,00598198,컴퍼니케이
045340,00355089,토탈소프트
003080,00132725,성보화학
377330,01140837,이지트로닉스
082640,00117267,동양생명
067390,00409681,아스트
092600,00537337,앤씨앤
001880,00128971,디엘건설
121440,00674498,골프존뉴딘홀딩스
472230,01797440,SK증권제11호스팩
335890,01406618,비올
407400,01586455,꿈비
024950,00128607,삼천리자전거
074600,00468374,원익QnC
199430,00672603,케이엔알시스템
111820,00689418,지유온
456040,01760738,OCI
015590,00108746,KIB플러그에너지
036200,00260569,유니셈
451800,01669226,한화리츠
149980,00977641,하이로닉
064520,00370255,테크엘
004450,00129235,삼화왕관
010280,00138303,쌍용정보통신
009320,00111689,대우부품
009440,00159971,KC그린홀딩스
388870,01495180,파로스아이바이오
370090,01357446,퓨런티어
112040,00444329,위메이드
068330,00385415,일신바이오
115570,00405959,스타플렉스
037440,00236863,희림
448280,01218299,에코아이
105560,00688996,KB금융
418620,01516890,이에이트
360350,01493793,코셈
168330,00923792,내츄럴엔도텍
204620,01042711,글로벌텍스프리
225220,01062177,제놀루션
290120,01182578,DH오토리드
468760,01787072,유진스팩10호
064510,00127699,유네코
067290,00110431,JW신약
445180,01027828,퓨릿
469900,01791561,하나31호스팩
473370,01800285,비엔케이제2호스팩
014130,00129509,한익스프레스
021960,00161408,케이비캐피탈
226360,01097906,KH 건설
298870,00682992,우리벤처파트너스
111380,00367710,동인기연
012330,00164788,현대모비스
033290,00155948,코웰패션
064290,00479787,인텍플러스
000060,00117744,메리츠화재해상보험
007120,00104786,미래아이앤지
125210,00611912,아모그린텍
002100,00101433,경농
208890,00876209,미래엔에듀파트너
004440,00109806,삼일씨엔에스
061250,00188973,화일약품
047560,00273420,이스트소프트
010050,00104102,우리종합금융
074610,00469799,이엔플러스
418550,00411808,제이오
452670,01717170,상상인제4호스팩
294140,01011395,레몬
356890,01293953,싸이버원
114840,00692254,아이패밀리에스씨
011330,00137207,유니켐
053050,00351995,지에스이
006570,00109824,대림통상
388050,01462605,지투파워
168360,00957373,펨트론
389140,01513699,포바이포
006660,00126201,삼성공조
263810,00760999,상신전자
045970,00271501,코아시아
196450,01031502,코아시아씨엠
046400,00263140,휴스토리
472850,01806951,폰드그룹
189980,00916516,흥국에프엔비
007640,00111014,애큐온저축은행
004710,00157399,한솔테크닉스
341310,01337017,이앤에치
376180,00604028,피코그램
215570,01034730,크로넥스
232830,01113499,시큐센
004490,00133858,세방전지
014830,00159786,유니드
012650,00138206,쌍용건설
138250,00406392,엔에스쇼핑
285800,00816933,진영
450050,01705625,하이제8호스팩
180060,00874937,탑선
070480,00446479,신비앤텍
451760,01685251,컨텍
150900,00638487,파수
009680,00151128,모토닉
278470,01190568,에이피알
099390,00642897,브레인즈컴퍼니
084990,00359395,헬릭스미스
426550,01632851,아이비케이에스제19호기업인수목적
114120,00618401,크루셜텍
443670,01381391,에스피소프트
065560,00393469,녹원씨엔아이
446070,01702017,유니드비티플러스
082800,00533191,비보존 제약
088800,00556907,에이스테크
148150,00913689,세경하이테크
227610,01080687,아우딘퓨쳐스
300080,01237434,플리토
035420,00266961,NAVER
269620,01188378,시스웍
138290,00890388,지성이씨에스
130740,00578538,티피씨글로벌
003450,00164876,케이비증권
169670,00610861,코스텍시스템
009830,00162461,한화솔루션
343510,01419384,하나금융16호기업인수목적
448740,01700921,삼성스팩8호
067570,00146436,엔브이에이치코리아
241690,00531865,유니테크노
192410,00623184,휴림네트웍스
457190,01762569,이수스페셜티케미컬
456440,01731453,DB금융스팩11호
002410,00122694,범양건영
071840,00158307,롯데하이마트
039830,00141556,오로라
088260,00544452,이리츠코크렙
052460,00405719,아이크래프트
361610,01386916,SK아이이테크놀로지
079000,00455875,와토스코리아
186230,00602279,그린플러스
317830,00624749,에스피시스템스
327260,01343665,RF머트리얼즈
086790,00547583,하나금융지주
037370,00261054,EG
242350,00990563,피엔아이컴퍼니
366330,01514528,신한제7호기업인수목적
336040,01118139,타스컴
028260,00149655,삼성물산
450140,01712485,코오롱모빌리티그룹
123840,00809429,뉴온
005420,00160302,코스모화학
303530,01264872,이노뎁
205470,01042979,휴마시스
002790,00154462,아모레퍼시픽그룹
138930,00858364,BNK금융지주
033340,00205003,좋은사람들
054180,00356839,메디콕스
299170,01318261,더블유에스아이
210120,00550082,빅텐츠
363250,01437858,진시스템
299670,01203507,에스엠비나
009240,00161693,한샘
042600,00147994,새로닉스
291810,01524507,핀텔
010420,00103626,한솔피엔에스
054050,00176835,농우바이오
005440,00105280,현대지에프홀딩스
078590,00230814,휴림에이텍
007390,00117276,네이처셀
019590,00136642,엠벤처투자
056090,00346610,이노시스
289010,00983934,아이스크림에듀
003560,00154426,아이에이치큐
411080,01242241,샌즈랩
050540,00302078,엠피씨플러스
331520,01398151,밸로프
047920,00336817,HLB제약
014710,00124780,사조씨푸드
143240,00857480,사람인
000810,00139214,삼성화재해상보험
010660,00166500,화천기계
117580,00787376,대성에너지
437730,00262266,삼현
238170,01011872,엔에스엠
150440,00990262,피노텍
069260,00426086,티케이지휴켐스
240810,01135941,원익IPS
337930,01391103,브랜드엑스코퍼레이션
072770,00583026,율호
086960,00445841,MDS테크
032750,00173351,삼진
095910,00585538,에스에너지
271780,01221947,비엔에프머티리얼즈
051780,00296324,큐로홀딩스
396270,01515864,넥스트칩
372290,01513404,하나머스트7호기업인수목적
452430,01676642,사피엔반도체
216080,01222867,제테마
005670,00165103,푸드웰
378800,01387164,샤페론
448730,01688896,삼성FN리츠
086460,00548519,큐러블
235980,01336373,메드팩토
053580,00323868,웹케시
011080,00142713,형지I&C
417010,01524118,나노팀
002840,00121932,미원상사
053280,00362858,예스24
102940,00525642,코오롱생명과학
234100,00617998,폴라리스세원
035510,00219486,신세계I&C
189860,00869272,서전기전
144510,01010642,지씨셀
060980,00299002,HL홀딩스
051900,00356370,LG생활건강
058650,00377610,세아홀딩스
089030,00535676,테크윙
054300,00339072,팬스타엔터프라이즈
322310,01016479,오로스테크놀로지
226440,01101722,한송네오텍
053350,00353610,이니텍
217480,01099667,에스디생명공학
245030,00664288,스페이스솔루션
162120,00886792,루켄테크놀러지스
405100,01033591,큐알티
002670,00115472,미주제강
336060,01408999,웨이버스
199730,01110058,바이오인프라
120110,00795135,코오롱인더
326030,00878696,에스케이바이오팜
309960,00231901,LB인베스트먼트
285130,01267170,SK케미칼
343090,01413371,HLB사이언스
006140,00155735,피제이전자
290690,00605522,소룩스
044180,00111218,KD
273060,01236532,와이즈버즈
025530,00181943,에스제이엠홀딩스
112240,00450339,에스에프씨
093370,00595191,후성
358570,01351080,지아이이노베이션
131760,00820352,파인텍
002550,00120216,KB손해보험
011930,00136271,신성이엔지
068100,00426828,케이웨더
183410,00764807,골프존데카
018470,00149239,조일알미늄
445680,01498974,큐리옥스바이오시스템즈
259630,00833064,엠플러스
419050,01526806,삼기이브이
317860,01328170,노드메이슨
389020,01365038,자람테크놀로지
317770,01231786,엑스페릭스
367340,01505450,디비금융제8호기업인수목적
137400,00612294,피엔티
035600,00264547,KG이니시스
000500,00104768,가온전선
046440,00405278,KG모빌리언스
004840,00118266,DRB동일
014790,00161116,HL D&I
318000,00876166,KBG
031430,00234412,신세계인터내셔날
256630,01179608,포인트엔지니어링
055550,00382199,신한지주
158430,00595182,아톤
119850,00626464,지엔씨에너지
150840,00661157,인트로메딕
222080,01090471,씨아이에스
290550,01137903,디케이티
294090,01274310,이오플로우
333620,01310773,엔시스
950200,01442115,소마젠
388790,01569102,라이콤
003280,00167208,흥아해운
206950,00756163,볼빅
137080,00362122,나래나노텍
417200,01528141,LS머트리얼즈
043290,00297961,케이맥
321550,01335930,티움바이오
064090,00390408,웨스트라이즈
406820,01147487,뷰티스킨
008290,00144021,원풍물산
215790,01065679,이노인스트루먼트
172670,00493325,에이엘티
450410,01705777,엔에이치기업인수목적28호
109670,00492706,씨싸이트
018290,00150165,브이티
054220,00201432,비츠로시스
078650,00477257,지나인제약
455910,01725577,SK증권제9호스팩
226950,01113718,올릭스
065440,00390514,이루온
013030,00165060,하이록코리아
089860,00545716,롯데렌탈
178920,00767460,PI첨단소재
271940,00972503,일진하이솔루스
208140,01047415,정다운
267270,01205842,HD현대건설기계
456190,01205514,큐라켐
126600,00599595,BGF에코머티리얼즈
002630,00141626,오리엔트바이오
078130,00104573,국일제지
208340,00972293,파멥신
257370,01144569,피엔티엠에스
229640,01093007,LS에코에너지
093510,00521433,엔지브이아이
288980,01423837,모아데이타
263600,00571298,덕우전자
017900,00152729,광전자
420770,00765569,기가비스
097780,00562360,에코볼트
121800,00693651,비덴트
044490,00186799,태웅
247660,00660459,나노씨엠에스
417840,01383229,저스템
116100,00442631,태양기계
356860,00920379,티엘비
006250,00105165,극동전선
023760,00149594,한국캐피탈
020710,00170026,시공테크
224810,00607797,엄지하우스
267810,01187865,앙츠
424960,01555215,스마트레이더시스템
001940,00159740,KISCO홀딩스
032850,00231707,비트컴퓨터
086280,00360595,현대글로비스
041920,00273439,메디아나
472220,01796858,신영스팩10호
126560,00403632,현대퓨처넷
415380,01540815,스튜디오삼익
050890,00364403,쏠리드
460850,01765256,동국씨엠
031980,00208444,피에스케이홀딩스
003680,00161860,한성기업
272290,01237540,이녹스첨단소재
408920,01596656,메쎄이상
044060,00291860,조광ILI
093230,00480950,이아이디
091990,00554024,셀트리온헬스케어
023440,00148531,제이스코홀딩스
001340,00122472,백광산업
069960,00428251,현대백화점
004970,00135962,신라교역
348340,01336461,뉴로메카
267080,01575361,세븐브로이맥주
332570,01015160,와이팜
041960,00187415,코미팜
066410,00378220,버킷스튜디오
003480,00163673,한진중공업홀딩스
090460,00447609,비에이치
001570,00106119,금양
016710,00108940,대성홀딩스
293580,00651017,나우IB
400560,01583397,하나금융20호기업인수목적
469480,01792791,IBKS제24호스팩
435870,01671197,SK증권제8호스팩
219130,00617314,타이거일렉
089140,00416414,넥스턴바이오
163560,00939687,동일고무벨트
377450,01210066,리파인
065420,00120906,에스아이리소스
035890,00219848,서희건설
298380,01256864,에이비엘바이오
267250,01205709,HD현대
098120,00568188,마이크로컨텍솔
009970,00140964,영원무역홀딩스
216280,00311270,원텍
003050,00110547,넥상스코리아
322780,01364297,코퍼스코리아
000030,00254045,우리은행
418250,01579570,시큐레터
014820,00132637,동원시스템즈
950190,01416235,고스트스튜디오
051630,00347734,진양화학
322000,01199550,HD현대에너지솔루션
372320,01492651,큐로셀
080580,00543107,오킨스전자
089010,00371485,켐트로닉스
413640,01462739,비아이매트릭스
170030,00164502,현대공업
192080,01010110,더블유게임즈
278650,01189438,HLB바이오스텝
267060,01190513,명진홀딩스
453340,01721809,현대그린푸드
001430,00106669,세아베스틸지주
001290,00112059,상상인증권
006120,00131832,SK디스커버리
022220,00140061,TKG애강
019550,00156910,SBI인베스트먼트
010770,00155124,평화홀딩스
023790,00172945,동일철강
000990,00160843,DB하이텍
027360,00156895,아주IB투자
063440,00367604,SM Life Design
033660,00209443,우리금융캐피탈
005810,00155531,풍산홀딩스
200710,00657002,에이디테크놀로지
058820,00380429,CMG제약
340810,01315042,씨유박스
357120,01430475,코람코라이프인프라리츠
013340,00138695,뉴아세아
381970,01323032,케이카
221980,00370918,케이디켐
009900,00173078,명신산업
029460,00209780,케이씨
095570,00365387,AJ네트웍스
099410,00526678,동방선기
072710,00459871,농심홀딩스
402030,00601988,코난테크놀로지
090080,00573579,평화산업
104460,00602136,디와이피엔에프
092130,00634728,이크레더블
145270,00861076,케이탑리츠
192390,00910840,윈하이텍
027050,00152589,코리아나
124560,00562245,태웅로직스
023410,00184667,유진기업
014200,00103635,광림
073540,00442561,에프알텍
017650,00109781,대림제지
290650,01181515,엘앤씨바이오
312610,01223219,에이에프더블류
334970,01258428,프레스티지바이오로직스
333430,01396676,일승
056000,00361266,코원플레이
424140,01621280,케이비제21호스팩
050120,00175623,ES큐브
215050,01055317,비엔디생활건강
229000,01051472,젠큐릭스
024830,00173591,세원물산
030200,00190321,케이티
338220,01344202,뷰노
036930,00252135,주성엔지니어링
111770,00776820,영원무역
302920,00991225,더콘텐츠온
140070,00599285,서플러스글로벌
052770,00346911,아이톡시
062860,00261887,티엘아이
023770,00138367,플레이위드
154030,00867478,아시아종묘
099190,00550994,아이센스
176590,00666329,코나솔
383310,01566248,에코프로에이치엔
446190,01692321,미래에셋비전스팩2호
007660,00107613,이수페타시스
084010,00113225,대한제강
002690,00118451,동일제강
012700,00117708,리드코프
049550,00261656,잉크테크
258610,00961507,케일럼
018250,00139454,애경산업
451220,01546101,아이엠티
468510,01786514,삼성스팩9호
073190,00407771,듀오백
377190,01475609,디앤디플랫폼리츠
014440,00140779,영보화학
380320,01534522,삼성머스트기업인수목적5호
222810,01091382,세토피아
033540,00105138,파라텍
285770,01187175,라이프사이언스테크놀로지
424760,01622331,벨로크
315640,01344831,딥노이드
136410,00922304,아셈스
032500,00226352,케이엠더블유
348350,00925587,위드텍
332290,01394669,누보
006490,00122825,인스코비
084650,00545114,랩지노믹스
282720,00872656,금양그린파워
015020,00134565,이스타코
009620,00125822,삼보산업
033310,00143226,엠투엔
020560,00138792,아시아나항공
012160,00141477,영흥
034810,00219361,해성산업
088910,00228712,동우팜투테이블
035080,00244561,그래디언트
007530,00140858,와이엠
078940,00501970,퀀타피아
465320,01781847,교보15호스팩
338840,01226234,와이바이오로직스
091090,00585219,세원이앤씨
460930,00667373,현대힘스
281310,01186671,바이오시네틱스
005800,00136624,신영와코루
285490,01259232,노바텍
047040,00124540,대우건설
126720,00193328,수산인더스트리
293480,00248974,하나제약
071460,00300557,위니아
068940,00308896,셀피글로벌
091810,00671376,티웨이항공
085810,00364254,알티캐스트
301300,00403793,바이브컴퍼니
073560,00413417,우리손에프앤지
042670,00344287,HD현대인프라코어
054620,00296078,APS
424980,00624378,마이크로투나노
003530,00148610,한화투자증권
039870,00222213,피케이엘
054540,00250614,삼영엠텍
078020,00330424,LS증권
073570,00440712,리튬포어스
478390,01816268,KB제29호스팩
090740,00495554,와이앤넥스트
189690,00939942,포시에스
066350,00397243,티엔아이
009190,00111111,대양금속
000480,00148984,시알홀딩스
090410,00454937,덕신이피씨
010620,00164609,HD현대미포
153460,00842585,네이블
179720,00978075,머니무브
389260,01150515,대명에너지
161570,00945208,더미동
004870,00109514,티웨이홀딩스
051500,00127954,CJ프레시웨이
357430,01442966,마스턴프리미어리츠
101000,00618410,KS인더스트리
284420,01148909,휴럼
037340,00241236,에이치씨코퍼레이션
052420,00350048,오성첨단소재
122830,00337296,원포유
208860,01084364,엔지스테크널러지
341170,01185867,퓨쳐메디신
276730,01230255,제주맥주
145170,00305941,노브랜드
403490,01299106,우듬지팜
102950,00677334,아하
479880,01818682,한국제15호스팩
073640,00373021,테라사이언스
347700,01336762,라이프시맨틱스
160190,00650771,하이젠알앤엠
088290,00409140,이원컴포텍
011300,00132868,성안머티리얼스
317850,00450995,대모
270520,01228515,지오릿에너지
034300,00217947,신세계건설
111870,00125965,KH 미래물산
091440,00560122,한울소재과학
313760,00863038,캐리
300120,01251489,라온피플
030210,00156859,다올투자증권
131370,00838962,알서포트
148780,00980043,비큐AI
007820,00137915,에스엠코어
066430,00370200,와이오엠
266350,01208821,팡스카이
295310,01011368,에이치브이엠
017160,00103121,세븐코스프
002540,00103325,고제
403550,01026157,쏘카
046890,00130763,서울반도체
001620,00114765,케이비아이동국실업
114810,00625942,한솔아이원스
335870,01405585,윙스풋
029480,00186452,광무
002250,00105244,알보젠코리아
006070,00106508,기린
001950,00107923,남한제지
036490,00110051,에스케이머티리얼즈
006580,00111227,대양제지공업
010060,00148896,OCI홀딩스
044770,00264103,에이엠에스
039060,00264839,아이비진
015750,00132992,성우하이텍
096350,00177870,대창솔루션
010600,00141273,웰바이오텍
003460,00145190,유화증권
043150,00264255,바텍
015890,00153339,태경산업
031820,00186559,콤텍시스템
089790,00365457,제이티
092070,00569691,디엔에프
196490,00660121,디에이테크놀로지
298060,01110474,에스씨엠생명과학
293490,01137383,카카오게임즈
009760,00159874,한국지주
013000,00134176,세우글로벌
072520,00408956,제넨바이오
219750,01031229,한국비티비
222160,01037542,NPX
223310,01075126,딥마인드
016890,00111829,대웅바이오
003190,00112004,알바이오
004660,00115427,신동방CP
006600,00116499,동신제약
268600,01182444,셀리버리
134780,00238977,에스엠화진
262760,01212383,엔케이맥스
475150,01817081,SK이터닉스
393210,01436479,토마토시스템
089970,00544577,브이엠
246960,01110182,SCL사이언스
373200,01514698,엑스플러스
475250,01807729,하나33호스팩
104200,00645089,NHN벅스
019300,00118460,태림페이퍼
002270,00120508,롯데푸드
028090,00121251,네오퍼플
008720,00127024,삼양엔텍
079660,00503899,사조해표
005930,00126380,삼성전자
020180,00110875,대신정보통신
049470,00351579,SGA
187660,01409022,에이디엠코리아
003940,00132105,삼양제넥스
014300,00132114,선진지주
260490,01018167,캐로스
041550,00138376,쎄라텍
021570,00139418,알루코
112610,00670340,씨에스윈드
460860,01765265,동국제강
041590,00297448,플래스크
009380,00149248,아세아페이퍼텍
005600,00149840,중앙제지
004530,00151252,에스와이
004940,00158909,하나은행
432430,01406265,와이랩
019490,00156150,하이트론씨스템즈
106520,00536329,노블엠앤비
290270,01251577,휴네시온
478110,01815764,이베스트스팩6호
016570,00154392,에스트라
033630,00243988,에스케이브로드밴드
032980,00232089,바이온
024910,00102353,경창산업
005940,00120182,NH투자증권
048830,00108490,엔피케이
011690,00144720,와이투솔루션
033560,00238001,블루콤
002780,00150828,진흥기업
066790,00249441,씨씨에스
000660,00164779,SK하이닉스
041510,00260930,에스엠
004150,00171636,한솔홀딩스
053300,00306454,한국정보인증
034730,00181712,SK
096760,00632304,JW홀딩스
179290,00531829,엠아이텍
336260,01412725,두산퓨얼셀
031390,00198378,녹십자셀
126870,00638539,뉴로스
067730,00238199,로지시스
036000,00259934,예림당
004000,00157681,롯데정밀화학
304100,01050738,솔트룩스
279600,01190124,미디어젠
002300,00159412,한국제지
003040,00163044,한일약품공업
003900,00164292,동원데어리푸드
008800,00164362,행남사
053440,00208301,성우몰드
054250,00220446,예일바이오텍
233190,00653112,미래자원엠엘
094280,00414850,효성 ITX
204990,00874195,코썬바이오
039310,00264671,세중
035760,00265324,CJ ENM
185490,00945457,아이진
293940,01276594,신한알파리츠
039840,00115931,디오
009520,00128111,포스코엠텍
052670,00185505,제일바이오
262260,00604268,에이프로
248020,01169498,젬
054790,00234449,제이엠피
028050,00126308,삼성E&A
069540,00367482,빛과전자
142760,00587925,모아라이프플러스
097800,00536286,윈팩
217330,01046391,싸이토젠
060260,00351375,뉴보텍
037600,00247939,씨모스
446540,00923516,메가터치
241510,01119387,이에스산업
126640,00825223,화신정공
043220,00317487,티에스넥스젠
900100,00781202,애머릿지
115390,00561866,락앤락
473050,01798980,유안타제15호스팩
101140,00652423,인바이오젠
246720,01157235,아스타
037640,00248053,지에스엔텍
046810,00252658,코리언일랙트로닉스파워소스
002810,00127167,삼영무역
057880,00410739,푸른소나무
224760,00929228,엔에스컴퍼니
278380,01138993,원바이오젠
180640,00983040,한진칼
047050,00124504,포스코인터내셔널
025620,00136776,제이준코스메틱
053160,00352064,프리엠스
456010,01373709,아이씨티케이
476470,01810796,KB제28호스팩
222670,01063237,플럼라인생명과학
199820,00148470,제일일렉트릭
443060,01194689,HD현대마린솔루션
151910,00653103,퓨처코어
060300,00364795,레드로버
040300,00200275,YTN
038530,00255105,케이바이오
386580,01572489,한화플러스제2호기업인수목적
462510,01504211,라메디텍
131090,00402110,시큐브
105550,00766106,엣지파운드리
000880,00160588,한화
477380,01814233,미래에셋비전스팩4호
053950,00307028,경남제약
317240,01353024,TS트릴리온
405640,01594764,신한제9호기업인수목적
323350,01344363,다원넥스뷰
163430,01072518,디피코
290090,01217014,트윔
016740,00119672,두올
050110,00330044,캠시스
434480,01583652,모니터랩
415580,01604371,상상인제3호스팩
439730,01675421,IBKS제20호스팩
384470,01512575,코어라인소프트
099520,00627029,ITX-AI
465770,01784394,STX그린로지스
477760,01814589,디비금융스팩12호
007680,00111838,대원
009730,00116426,이렘
238500,01118643,로보쓰리에이아이
060590,00362292,씨티씨바이오
123750,00821607,알톤
141080,00842619,리가켐바이오
131290,00372226,티에스이
445090,01540453,에이직랜드
025870,00136004,신라에스지
018000,00144243,유니슨
067160,00399694,SOOP
069920,00426068,아이에스이커머스
225190,00992543,LK삼양
017180,00121039,명문제약
008930,00161426,한미사이언스
043260,00317210,성호전자
015760,00159193,한국전력공사
002380,00105271,케이씨씨
042940,00232007,상지건설
007280,00124090,한국특강
004650,00123523,창해에탄올
003030,00124197,세아제강지주
065350,00136226,신성델타테크
036800,00264945,나이스정보통신
020120,00140131,키다리스튜디오
052900,00276834,KX하이텍
013360,00146232,일성건설
011170,00165413,롯데케미칼
041910,00463342,폴라리스AI파마
003580,00169048,HLB글로벌
214870,00820389,뉴지랩파마
462870,01384787,시프트업
413630,01601222,씨피시스템
083550,00242934,케이엠
026870,00112907,코원에너지서비스
100130,00415594,동국S&C
079980,00362238,휴비스
089150,00441447,케이씨티
307950,00362441,현대오토에버
088130,00489243,동아엘텍
067830,00422895,세이브존I&C
087600,00495086,픽셀플러스
329180,01390344,HD현대중공업
092870,00611736,엑시콘
192250,01003040,케이사인
222420,01091054,쎄노텍
290560,01130849,신시웨이
287410,01267602,제이시스메디칼
475240,01807738,하나32호스팩
069110,00402989,코스온
013580,00102432,계룡건설산업
032790,00110884,엠젠솔루션
400760,01480780,NH올원리츠
031310,00200910,아이즈비전
030350,00230036,드래곤플라이
084180,00243979,수성웹툰
080530,00308559,코디
046310,00360036,백금T&A
096040,00480756,이트론
389500,00567897,에스비비테크
127120,00642541,디엔에이링크
148140,00610490,비디아이
005090,00125150,SGC에너지
036630,00268002,세종텔레콤
033530,00134510,에스제이지세종
039980,00369213,폴라리스AI
007980,00154329,TP
416180,00761183,신성에스티
214390,00101664,경보제약
005690,00145163,파미셀
048530,00292434,인트론바이오
049180,00310156,셀루메드
072020,00415327,중앙백신
087010,00415868,펩트론
078160,00453929,메디포스트
038500,00239639,삼표시멘트
035000,00140168,HS애드
085660,00525679,차바이오텍
114450,00532059,그린생명과학
086900,00580199,메디톡스
196300,00808086,애니젠
207940,00877059,삼성바이오로직스
145020,00888347,휴젤
191420,00926522,테고사이언스
182400,00977650,엔케이맥스
217730,01025644,강스템바이오텍
246710,01109937,티앤알바이오팹
263050,01110678,유틸렉스
331920,01114586,셀레믹스
950160,01245062,코오롱티슈진
302440,01319899,SK바이오사이언스
012200,00102618,계양전기
092440,00106614,기신정기
019770,00153278,서연탑메탈
051490,00297095,나라엠앤디
071670,00384887,에이테크솔루션
008250,00145446,이건산업
016250,00141246,SGC E&C
024720,00203290,콜마홀딩스
065650,00391197,하이퍼코퍼레이션
109070,00753643,주성코퍼레이션
126880,00442154,제이엔케이글로벌
058220,00441128,아리온테크놀로지
436530,01672053,케이비제22호기업인수목적
001440,00113207,대한전선
145210,00453488,다이나믹디자인
417970,00657783,모델솔루션
388720,01152586,유일로보틱스
382480,01311310,지아이텍
000040,00112378,KR모터스
021050,00131197,서원
126700,00825959,하이비젼시스템
004270,00172185,남성
160600,00818472,이큐셀
248070,01159233,솔루엠
299910,01259056,애닉
452200,01689035,민테크
140430,01116265,카티스
042700,00161383,한미반도체
174880,00659684,장원테크
297090,00765462,씨에스베어링
122350,00799177,삼기
128540,00870481,에코캡
212560,00876865,네오오토
208350,01047169,지란지교시큐리티
218410,01078178,RFHIC
222800,01095722,심텍
250000,01124680,보라티알
263720,01186404,디앤씨미디어
252990,01199727,샘씨엔에스
352770,01201970,클리노믹스
318160,01288410,셀바이오휴먼텍
403870,01288827,HPSP
950220,01511558,네오이뮨텍
355390,01514005,크라우드웍스
453860,01538528,에이에스텍
400840,01586172,하이제7호스팩
000430,00111847,대원강업
000120,00113410,CJ대한통운
033170,00158219,시그네틱스
045100,00216762,한양이엔지
001510,00131850,SK증권
065450,00385363,빅텍
058430,00155258,포스코스틸리온
003670,00155276,포스코퓨처엠
090360,00536523,로보스타
166090,00660750,하나머티리얼즈
151860,00366137,KG에코솔루션
458610,01761296,한국제12호스팩
130580,00606293,나이스디앤비
079550,00503668,LIG넥스원
298040,01316245,효성중공업
900070,00783246,글로벌에스엠
373220,01515323,LG에너지솔루션
442770,01682740,IBKS제21호스팩
200580,01018617,메디쎄이
448760,01701328,IBKS제22호스팩
467930,01785700,IBKS제23호스팩
455900,01592049,엔젤로보틱스
053270,00202060,구영테크
059270,00453442,해성에어로보틱스
402490,01370863,그린리소스
369370,01508855,블리츠웨이스튜디오
393360,01574760,신한제8호기업인수목적
412540,00528791,제일엠앤에스
033780,00244455,케이티앤지
033640,00227333,네패스
035720,00258801,카카오
033230,00229021,인성정보
036570,00261443,엔씨소프트
019010,00267906,베뉴지
053210,00349097,케이티스카이라이프
046120,00297989,오르비텍
069640,00357360,한세엠케이
452400,00338170,이닉스
058860,00372873,KTis
063570,00363769,한국전자금융
058850,00372882,KTcs
065170,00384717,비엘팜텍
063160,00390055,종근당바이오
066980,00389998,한성크린텍
069620,00427483,대웅제약
069460,00428729,대호에이엘
227100,01207761,퀀텀온
291230,01276901,엔피
368600,01302853,아이씨에이치
389470,01516456,인벤티지랩
439580,01559637,블루엠텍
391710,01573284,코닉오토메이션
474490,01804476,유안타제16호스팩
347850,01376715,디앤디파마텍
041520,00137289,이엘씨
339770,00453284,교촌에프앤비
084670,00540641,동양고속
096770,00631518,SK이노베이션
080420,00480048,모다이노칩
244920,00684802,에이플러스에셋
237750,00525864,피앤씨테크
139480,00872984,이마트
139130,00878915,DGB금융지주
251270,00904672,넷마블
192820,01009789,코스맥스
454910,01105153,두산로보틱스
197140,00681373,디지캡
294870,01310269,HDC현대산업개발
128660,00829380,피제이메탈
336370,01412822,솔루스첨단소재
222110,00962922,팬젠
012210,00125664,삼미금속
390110,01507810,애니메디솔루션
224020,00878517,에스케이씨에스
282880,01211232,코윈테크
314130,01276026,지놈앤컴퍼니
319400,01358463,현대무벡스
330860,01368354,네패스아크
382900,01435489,범한퓨얼셀
418470,01467451,밀리의서재
002820,00132211,SUN&L
010090,00164308,이마트에브리데이
347860,01405451,알체라
136660,00816696,큐엠씨
021040,00166175,대호특수강
009810,00103130,플레이그램
070960,00365989,모나용평
169330,00877174,엠브레인
453450,01299203,그리드위즈
377460,01175499,위니아에이드
004540,00113492,깨끗한나라
009580,00119007,무림P&P
001810,00121507,무림SP
027970,00133706,한국제지
000360,00129411,삼환기업
001020,00134723,페이퍼코리아
009200,00136086,무림페이퍼
009460,00163761,한창제지
213500,01060744,한솔제지
046210,00172079,HLB파나진
059210,00317681,메타바이오메드
064550,00326731,바이오니아
042520,00349060,한스바이오메드
100700,00362201,세운메디칼
260660,00447007,알리코제약
142280,00513948,녹십자엠에스
340570,00608440,티앤엘
138610,00767628,나이벡
950130,00956028,엑세스바이오
153710,00971726,옵티팜
233250,01035942,메디안디노스틱
253840,01063954,수젠텍
304840,01118281,피플바이오
002350,00173874,넥센타이어
073240,00481454,금호타이어
161390,00937324,한국타이어앤테크놀로지
282690,01262458,동아타이어
263750,01152470,펄어비스
002140,00102751,고려산업
054930,00144650,유신
066360,00216434,체리부로
065770,00303703,CS
045390,00318316,대아티아이
077360,00471068,덕산하이메탈
217270,01067808,넵튠
388800,01569838,유진기업인수목적7호
462350,01700587,이노스페이스
046140,00280688,에스비에스콘텐츠허브
034230,00171265,파라다이스
064800,00392691,포니링크
199800,00547510,툴젠
227420,01109690,도부마스크
283100,01332137,노보믹스
025440,00110583,DH오토웨어
083660,00406037,CSA 코스믹
139050,00656021,BF랩스
318020,00962393,포인트모바일
286940,01262032,롯데이노베이트
065150,00390860,대산F&B
008040,00137252,사조동아원
119860,00585608,커넥트웨이브
053980,00226547,오상자이엘
003410,00138224,쌍용씨앤이
006740,00141404,영풍제지
060240,00373571,스타코링크
078860,00543204,아이오케이
419700,01695498,이브이파킹서비스
307870,01326792,비투엔
340360,01416642,다보링크
033790,00276083,스카이문스테크놀로지
065370,00374738,위세아이텍
212310,01085442,오건에코텍
477530,01814312,한국제14호스팩
477470,01817249,미래에셋비전스팩5호
458870,01514227,씨어스테크놀로지
012800,00112651,대창
060910,00353230,프리젠
351320,01440153,에스에이티이엔지
082660,00442455,코스나인
104540,00541437,코렌텍
204210,01035289,스타에스엠리츠
237690,00871833,에스티팜
058530,00353018,파나케이아
464080,01686427,에스오에스랩
048260,00341916,오스템임플란트
019570,00110750,플루토스
066670,00371740,디티씨
322190,01412938,베른
083790,00407814,CG인바이츠
193250,01035678,링크드
232140,01109539,와이씨
241790,01113754,티이엠씨씨엔에스
012630,00164636,HDC
198440,01032583,강동씨앤엘
005880,00113535,대한해운
058450,00146427,한주에이알티
080220,00447487,제주반도체
003780,00150439,진양산업
145720,00526599,덴티움
203690,01036367,스피어파워
323230,01384477,엠에프엠코리아
321820,01116502,아티스트유나이티드
419270,01612608,신영해피투모로우제7호기업인수목적
451250,01283974,삐아
403360,01466832,라피치
328380,01390399,솔트웨어
373110,01492217,엑셀세라퓨틱스
023800,00103510,인지컨트롤스
114190,00100601,강원에너지
001230,00114792,동국홀딩스
048470,00109268,대동스틸
001000,00135999,신라섬유
034590,00145862,인천도시가스
230980,01110076,비유테크놀러지
320000,01359815,한울반도체
004590,00156442,한국가구
016100,00180263,리더스코스메틱
006380,00159810,카프로
042040,00206686,케이피엠테크
030530,00216647,원익홀딩스
033050,00222435,제이엠아이
036220,00260657,오상헬스케어
014100,00267854,메디앙스
311960,01290132,에이아이더뉴트리진
327610,01336735,펨토바이오메드
056730,00318662,CNT85
279060,01353848,이노벡스
040350,00346407,크레오에스지
017040,00103662,광명전기
085620,00112332,미래에셋생명
017550,00135111,수산중공업
029530,00135795,신도리코
038110,00139153,에코플라스틱
010470,00141671,오리콤
001630,00149354,종근당홀딩스
024840,00158024,KBI메탈
002020,00152862,코오롱
009410,00153861,태영건설
038340,00215976,MIT
036420,00203315,콘텐트리중앙
053590,00355548,한국테크놀로지
060250,00357740,NHN KCP
050090,00369569,비케이홀딩스
049080,00377018,기가레인
065690,00384762,파커스
064240,00385336,홈캐스트
074430,00466428,아미노로직스
134580,00608699,탑코미디어
200230,00608802,텔콘RF제약
195990,00620558,에이비프로바이오
200470,00667425,에이팩트
178320,00838005,서진시스템
178780,00923826,일월지엠엘
204840,01042359,지엘팜텍
217620,01068658,디딤이앤에프
318410,01153105,비비씨
900280,01168143,골든센츄리
162300,00958664,신스틸
039570,00350312,HDC랩스
029960,00197476,코엔텍
350520,01436628,이지스레지던스리츠
060150,00375931,인선이엔티
114920,00414540,대주이엔티
089530,00458562,에이티세미콘
217880,00976615,틸론
048870,00475985,시너지이노베이션
078340,00476498,컴투스
082270,00492894,젬백스
081150,00497631,티플랙스
101330,00498001,모베이스
106080,00542898,하이소닉
099220,00574611,SDN
122870,00613318,와이지엔터테인먼트
124500,00620868,아이티센
154040,00624518,다산솔루에타
131970,00563545,두산테스나
194480,01008762,데브시스터즈
214310,00957568,에스엘에너지
450330,01663569,하스
046110,00277736,한일네트웍스
331660,01363924,한국미라클피플사
025880,00101752,케이씨피드
003920,00107598,남양유업
003310,00112457,대주산업
004250,00108038,엔피씨
005990,00120924,매일홀딩스
004370,00108241,농심
001140,00104519,국보
192650,00415646,드림텍
044480,00173449,빌리언스
043090,00351454,더테크놀로지
477340,01813377,에이치엠씨제7호스팩
107640,00474588,한중엔시에스
478440,01819867,미래에셋비전스팩6호
068870,00423609,LG생명과학
009780,00121154,엠에스씨
001790,00113234,대한제당
002680,00140566,한탑
001130,00113243,대한제분
005860,00162911,한일사료
001680,00121941,대상
016790,00164618,현대사료
005180,00124726,빙그레
027710,00192499,팜스토리
005610,00125530,SPC삼립
043610,00223762,지니뮤직
003230,00126955,삼양식품
033200,00241209,모아텍
011150,00129013,CJ씨푸드
035810,00242378,이지홀딩스
004410,00130879,서울식품공업
060570,00364467,드림어스컴퍼니
082850,00369107,우리바이오
007310,00141529,오뚜기
052220,00370006,iMBC
006980,00142661,우성
004920,00127158,씨아이테크
084450,00446831,세실
024110,00149646,기업은행
041460,00361169,한국전자인증
041500,00291152,디비엘
065680,00390903,우주일렉트로
002600,00149345,조흥
204270,00447575,제이앤티씨
017810,00155355,풀무원
099320,00449254,쎄트렉아이
036580,00260408,팜스코
092040,00545734,아미코젠
049770,00340917,동원F&B
260970,00560849,에스앤디
101530,00428321,해태제과식품
199870,00929778,배터리솔루션즈
110990,00576798,디아이티
020760,00198697,일진디스플
089850,00592653,유비벨록스
044070,00301015,한서제약
057330,00301626,플래닛팔이
222980,00579139,한국맥널티
097950,00635134,CJ제일제당
222040,00656289,코스맥스엔비티
136490,00855093,선진
194700,00811372,노바렉스
145990,00896285,삼양사
318010,00986898,팜스빌
248170,01167056,샘표식품
239610,01011438,에이치엘사이언스
264900,01205329,크라운제과
357230,01068737,에이치피오
271560,01238169,오리온
218150,01071944,미래생명자원
280360,01258507,롯데웰푸드
238200,01109070,비피도
481850,01714997,신한글로벌액티브리츠
270870,01214248,뉴트리
121060,00445869,유니포인트
377220,01217865,프롬바이오
086220,00523176,광동헬스바이오
311390,01219155,네오크레마
066930,00317089,한국애보트진단
178600,00910202,대동고려삼
450520,01222113,인스웨이브시스템즈
236030,01085187,씨알푸드
267980,01234507,매일유업
289170,01352575,바이오텐
277410,01243161,인산가
299900,01276327,위지윅스튜디오
353190,01453670,휴럼
353810,01480568,이지바이오
368970,01491607,오에스피
003060,00101044,에이프로젠바이오로직스
011040,00101549,경동제약
014570,00103015,고려제약
002720,00104722,국제약품
003220,00111999,대원제약
023910,00113128,대한약품
006620,00114686,동구바이오제약
086450,00114808,동국제약
002210,00116268,동성제약
000020,00119195,동화약품
047940,00329084,비엔디
050470,00334493,씨티앤티
038710,00334615,콜마파마
054020,00349787,지케이파워
001470,00125974,삼부토건
003000,00123718,부광약품
001360,00126414,삼성제약
009300,00126788,삼아제약
000520,00128032,삼일제약
005500,00128412,삼진제약
000250,00128546,삼천당제약
006280,00129679,녹십자
018680,00131018,서울제약
004720,00135050,팜젠사이언스
002800,00136448,신신제약
012790,00137058,신일제약
019170,00137359,신풍제약
001540,00139205,안국약품
003520,00141149,영진약품
000220,00144818,유유제약
000230,00146083,일동홀딩스
003120,00146214,일성아이에스
001060,00149947,JW중외제약
007370,00150536,진양제약
033270,00158963,유나이티드
002390,00161046,한독
085370,00549925,루트로닉
053330,00356158,영진코퍼레이션
009420,00162586,한올바이오파마
004310,00164706,현대약품
016580,00166573,환인제약
032300,00187770,한국파마
054670,00207375,대한뉴팜
067080,00210740,대화제약
053030,00216027,바이넥스
234080,00225706,JW생명과학
034940,00231831,조아제약
066700,00249894,테라젠이텍스
200780,00256043,비씨월드제약
039200,00263654,오스코텍
067370,00407036,선바이오
080720,00532855,한국유니온제약
354390,00533809,바스칸바이오제약
068760,00541349,셀트리온제약
175250,00554352,아이큐어
200670,00614478,휴메딕스
330350,00765851,위더스제약
128940,00828497,한미약품
131030,00831428,옵투스제약
005270,00109019,아이엠뱅크
307180,01326279,아이엘사이언스
308700,01016886,테크엔
348080,01357765,큐라티스
347740,01290381,피엔케이피부임상연구센타
010130,00102858,고려아연
082210,00327396,옵트론텍
138490,00241005,코오롱ENP
126730,00446901,코칩
473000,01798722,SK증권제12호스팩
176750,00867034,듀켐바이오
170900,00956930,동아에스티
166480,00989664,코아스템켐온
185750,00992871,종근당
195940,01012066,HK이노엔
234690,01135057,녹십자웰빙
243070,01159853,휴온스
249420,01168383,일동제약
314140,01182259,알피바이오
271980,01236897,제일약품
304360,01258020,에스바이오메딕스
446600,01671601,카이바이오텍
080470,00486370,성창오토텍
461030,01497373,아이엠비디엑스
430700,01663639,유안타제9호스팩
435380,01670675,유안타제10호스팩
444920,01688346,유안타제11호스팩
446150,01690235,유안타제12호스팩
449020,01701753,유안타제13호스팩
450940,01706819,유안타제14호스팩
391060,01573974,엔에이치기업인수목적20호
003620,00138242,KG모빌리티
452260,01722437,한화갤러리아
161000,00936787,애경케미칼
051980,00347716,중앙첨단소재
147830,00899556,제룡산업
002460,00174527,HS화성
086820,00560982,바이오솔루션
418210,01616482,신한제10호스팩
258250,01117918,셀젠텍
452980,01719105,신한제11호스팩
474930,01807747,신한제13호스팩
474660,01809569,신한제12호스팩
181340,00861720,이즈미디어
036280,00188122,남산물산
109960,00653194,AP헬스케어
007570,00146454,일양약품
071950,00210856,코아스
068270,00413046,셀트리온
028300,00199252,HLB
034220,00105873,LG디스플레이
025860,00107987,남해화학
031510,00175173,오스템
066620,00253985,국보디자인
039340,00263371,한국경제TV
006110,00126779,삼아알미늄
008700,00138516,아남전자
137950,00664853,제이씨케미칼
025000,00191472,KPX케미칼
096530,00788773,씨젠
201490,00965813,미투온
397880,01582228,교보11호기업인수목적
420570,01553129,제이투케이바이오
064060,00367376,사이노젠
033320,00223513,제이씨현시스템
016360,00104856,삼성증권
010120,00105855,엘에스일렉트릭
086980,00303794,쇼박스
011070,00105961,LG이노텍
032830,00126256,삼성생명
069410,00415707,엔텔스
010140,00126478,삼성중공업
070590,00470829,한솔인티큐브
004170,00136378,신세계
001500,00137997,현대차증권
007070,00140177,GS리테일
006090,00141875,사조오양
005490,00155319,POSCO홀딩스
012750,00158501,에스원
000850,00166519,화천기공
081000,00508274,일진다이아
086250,00166333,화신테크
190510,00819374,나무가
039490,00296290,키움증권
175140,00861997,휴먼테크놀로지
289860,00945776,지슨
352480,01226410,씨앤씨인터내셔널
413600,01616808,키움제6호스팩
433530,01667592,키움제7호스팩
446840,01693922,키움제8호스팩
404990,01436558,신한서부티엔디리츠
002240,00103006,고려제강
007720,00104810,대명소노시즌
000540,00103176,흥국화재
021320,00105466,KCC건설
027830,00109037,대성창투
003830,00113544,대한화섬
016090,00113614,대현
024810,00145738,이화전기
010780,00115977,아이에스동서
108320,00525934,LX세미콘
372910,00534598,한컴라이프케어
005280,00124106,부산은행
023460,00149266,CNH
003470,00117601,유안타증권
025550,00158015,한국선재
030720,00118044,동원수산
019990,00169215,에너토크
006360,00120030,GS건설
015710,00187725,코콤
037230,00198192,한국팩키지
007610,00131939,선도전기
060480,00203847,국일신동
007110,00146296,일신석재
003240,00153393,태광산업
043100,00220109,솔고바이오
000970,00159573,한국주철관공업
032190,00238782,다우데이타
004960,00162063,한신공영
039420,00246620,케이엘넷
000800,00101257,경남기업
375500,01524093,DL이앤씨
030790,00273615,비케이탑스
239340,01128622,이스트에이드
009540,00164830,HD한국조선해양
065530,00250137,와이어블
075180,00305668,새론오토모티브
123040,00259545,엠에스오토텍
267850,00458234,아시아나IDT
039740,00261957,한국정보공학
100220,00520887,비상교육
040160,00269889,누리플렉스
092220,00589127,KEC
095720,00628189,웅진씽크빅
097230,00633835,HJ중공업
171120,00317104,라이온켐텍
298690,00651901,에어부산
133820,00661847,화인베스틸
344820,01428203,케이씨씨글라스
062580,00408336,인산가
