ticker,name,corp_list
1001,코스피,"005930,000660,373220,207940,005380,000270,068270,105560,005490,035420,055550,028260,006400,051910,012330,032830,086790,066570,035720,003670,000810,138040,012450,329180,259960,009540,042700,011200,267260,003550,015760,034020,033780,009150,017670,018260,024110,316140,402340,090430,034730,096770,010130,323410,010140,030200,042660,047050,000100,003490,010950,005830,352820,010120,326030,267250,011070,034220,443060,097950,450080,161390,051900,251270,064350,088980,011790,047810,003230,079550,454910,028050,021240,180640,022100,006800,086280,029780,241560,302440,307950,032640,005070,005940,009830,011170,078930,128940,272210,066970,010620,011780,036570,016360,006260,071050,462870,036460,001570,001040,000720,377300,004020,271560,039490,298040,035250,002380,001450,000150,138930,175330,004370,007660,052690,361610,088350,004990,002790,001440,383220,000880,018880,081660,112610,278470,007070,000990,012750,000120,008930,204320,026960,028670,014680,008770,009420,012510,030000,103140,111770,192820,280360,282330,023530,020150,047040,051600,005850,007310,017800,018670,042670,139480,161890,185750,298050,069620,073240,004170,006360,009240,010060,011210,000080,000240,006280,336260,005300,103590,108320,139130,267270,294870,298020,082640,082740,006040,009410,014820,395400,003090,003620,003690,004000,004490,004800,375500,336370,002840,457190,120110,137310,145720,192080,034230,069960,089860,009970,365550,000210,001120,001720,001740,002710,353200,456040,005180,100090,105630,178920,192400,214320,229640,248070,281820,285130,300720,023590,032350,039130,049770,069260,079160,085620,089590,005420,006110,007340,008730,009450,330590,348950,000400,001680,001800,003030,003530,003540,090460,344820,005250,403550,091810,093370,114090,161000,170900,181710,192650,195870,268280,271940,272450,020560,025540,030190,030610,057050,064960,071320,071970,005440,005880,006120,006380,006650,007700,009900,010780,014830,016380,016800,017960,019170,293940,000070,000370,000640,000670,001060,001430,001530,002350,003240,003470,003570,003850,003960,381970,088260,357120,432320,448730,451800,001200,001340,001470,001820,002030,002240,002310,002960,003000,003160,003220,003280,003300,003520,003920,004690,004700,005090,005390,005610,005810,006220,007460,007690,009290,009470,010690,011930,012630,017810,017860,017940,018250,020000,025860,026890,027410,029530,031430,033240,033270,034310,036530,058650,060980,072710,075580,077970,084690,093050,093230,097520,104700,108670,115390,123890,126560,130660,145990,183190,200880,241590,249420,284740,286940,306200,377740,383800,453340,460860,475150,372910,450140,452260,460850,462520,071840,074610,077500,078520,079430,079980,081000,083420,084010,084680,089470,090350,092200,092220,092230,092790,094280,095570,095720,096760,097230,100250,100840,101530,102260,102460,105840,107590,109070,111380,117580,120030,122900,123690,126720,128820,134380,136490,138490,139990,163560,194370,210540,210980,213500,214330,214390,214420,226320,234080,248170,264900,267290,267850,271980,272550,282690,293480,298000,298690,317400,322000,339770,363280,012320,012600,012610,012690,012800,013570,013580,013890,014160,014280,014530,014580,014710,015230,015360,015590,015860,015890,016450,016580,016590,016610,016710,017370,017390,017550,017900,018470,019440,019680,020120,023000,023450,024090,024720,024900,025000,025820,027970,028100,029460,030210,031440,033180,033530,033920,034120,034590,034830,035150,035510,036420,037270,037560,037710,039570,044450,053210,053690,058430,058850,063160,068290,070960,003650,003720,003830,004080,004090,004140,004150,004250,004310,004360,004380,004430,004560,004710,004830,004970,004980,005010,005430,005500,005680,005690,005720,005950,005960,006060,006340,006390,006660,006840,006890,007110,007160,007210,007540,007570,007810,007860,008040,008060,008110,008260,008350,008490,008700,008970,009070,009160,009270,009580,009680,010100,010580,010820,011000,011150,011280,011330,011500,011690,011700,011760,011810,012030,334890,350520,377190,396690,400760,404990,417310,481850,000020,000050,000140,000180,000320,000390,000430,000480,000490,000500,000520,000540,000680,000700,000860,000970,001020,001080,001130,001230,001250,001270,001360,001380,001390,001460,001500,001510,001520,001630,001750,001780,001790,001940,002020,002100,002150,002170,002210,002320,002390,002620,002700,002720,002780,002810,002900,002990,003060,003070,003120,003200,003350,003460,003580,003610,101140,102280,111110,118000,119650,123700,129260,133820,134790,143210,145210,155660,227840,244920,308170,378850,446070,465770,014990,015020,015260,016090,016740,016880,017040,017180,018500,019180,019490,020760,021050,021820,023150,023350,023800,023810,023960,024070,024890,025530,025560,025620,025750,025890,026940,027740,030720,031820,032560,033250,034300,035000,036580,041650,044380,044820,047400,049800,051630,055490,058730,058860,067830,069460,069640,069730,071090,071950,072130,075180,078000,084670,084870,085310,088790,090080,090370,091090,092440,092780,093240,100220,004960,005030,005110,005320,005360,005740,005750,005800,005820,005870,006090,006200,006370,006490,006570,006740,006880,006980,007120,007280,007590,007610,007980,008250,008420,008500,008600,008870,009140,009180,009190,009200,009310,009320,009440,009460,009770,009810,010040,010400,010420,010600,010640,010660,010770,010960,011090,011230,011300,011390,011420,012160,012170,012200,012280,013000,013360,013520,013700,013870,014130,014440,014790,014910,140910,145270,204210,338100,357250,357430,000040,000220,000230,000300,000590,000650,000760,000850,000890,000910,000950,001070,001140,001210,001260,001290,001420,001550,001560,001620,001770,002070,002140,002200,002220,002360,002410,002420,002450,002460,002600,002630,002690,002760,002820,002870,002880,002920,003010,003080,003480,003560,003680,003780,004060,004100,004270,004410,004440,004450,004540,004720,004770,004840,004870,004890,004910,004920"
1002,코스피 대형주,"005930,000660,373220,207940,005380,000270,068270,105560,005490,055550,035420,028260,006400,051910,012330,032830,086790,066570,035720,003670,000810,012450,329180,138040,259960,009540,042700,003550,011200,267260,015760,034020,033780,009150,017670,018260,024110,402340,316140,034730,090430,010130,323410,096770,010140,030200,042660,047050,003490,000100,010950,005830,352820,326030,011070,267250,034220,097950,450080,251270,161390,088980,011790,051900,064350,454910,047810,028050,022100,021240,006800,180640,029780,086280,078930,005070,005940,009830,011170,307950,302440,241560,032640,011780,066970,272210,016360,036570,071050,128940,001570,271560,004020,000720,377300,035250,361610,018880,383220"
1003,코스피 중형주,"010120,079550,003230,010620,006260,001040,036460,039490,298040,001450,002380,000150,004370,175330,052690,138930,007660,001440,002790,004990,088350,081660,000880,007070,000990,008930,012750,000120,112610,030000,009420,028670,008770,012510,014680,204320,026960,192820,282330,005850,111770,051600,007310,023530,280360,020150,017800,103140,047040,042670,018670,139480,006280,006360,069620,161890,004170,073240,298050,010060,009240,000240,185750,011210,000080,298020,395400,139130,003690,294870,082640,005300,003090,375500,082740,004490,336260,267270,004000,014820,006040,004800,003620,108320,137310,001720,001120,336370,089860,353200,009970,000210,457190,069960,145720,365550,120110,001740,192080,002840,002710,001800,300720,079160,248070,085620,009450,001680,178920,229640,005180,000400,003540,330590,281820,285130,005420,039130,007340,023590,006110,089590,105630,049770,214320,192400,090460,456040,069260,003530,003030,348950,001060,002350,006650,008730,020560,032350,100090,114090,271940,001530,268280,005250,010780,003850,001430,000640,009900,006120,003570,003240,181710,093370,344820,195870,005880,030190,064960,016380,014830,019170,025540,005440,403550,170900,017960,003470,381970,000370,000070,000670,007700,057050,272450,293940,091810,030610,018250,161000,192650,031430,383800,003280,284740,002240,145990,241590,005610,033240,200880,460860,034310,286940,020000,097520,003000,001470,034120,210980"
1004,코스피 소형주,"009410,103590,003960,006380,071970,071320,012630,002030,016800,075580,017810,017940,130660,001200,003160,432320,003520,001820,007460,108670,357120,126560,183190,058650,377740,093050,453340,003300,002960,001340,249420,033270,448730,005090,003920,115390,026890,011930,005810,029530,104700,123890,002310,010690,077970,306200,451800,004690,093230,025860,003220,009290,005390,036530,006220,004700,084690,027410,088260,060980,072710,009470,007690,007810,035150,005690,000430,001940,000680,001390,000500,126720,024720,013890,122900,226320,003350,298690,001250,272550,097230,322000,016580,017390,084010,002320,009680,011760,000480,001500,006390,058430,004430,005500,334890,001790,102460,138490,015360,003580,007570,002150,001230,001270,001510,001630,000540,029460,034830,084680,001780,006340,000490,005010,092230,096760,100840,213500,003120,005720,009160,404990,002810,004360,092220,092790,117580,214420,339770,001130,037710,053210,004560,012030,018470,095720,271980,293480,016590,000020,078520,004380,005430,025000,109070,194370,452260,037560,039570,002390,007160,008060,008490,377190,006060,102260,298000,462520,027970,071840,001460,004980,011500,417310,000140,004090,095570,002020,107590,460850,019680,037270,053690,079430,081000,005950,008350,009580,011810,000390,001080,001520,001750,101530,234080,363280,015860,030210,044450,003200,012320,000050,002100,002900,003070,007860,090350,100250,134380,214390,317400,000520,016610,028100,036420,005680,006840,016450,092200,105840,267850,282690,450140,033920,000860,070960,083420,004970,011000,011280,000320,035510,128820,136490,003060,004310,004710,068290,094280,015230,015890,025820,004140,001360,008110,010820,011330,400760,000970,004250,210540,012610,014280,015590,031440,074610,002620,006890,007540,008040,010580,011150,002170,003650,000700,001020,002780,003830,004080,007210,008970,009270,011700,013570,014530,014580,016710,017550,020120,024090,033530,214330,248170,002210,372910,002990,003460,003720,008260,009070,010100,013580,017370,024900,033180,058850,063160,089470,111380,123690,139990,002720,350520,267290,000180,002700,004830,007110,008700,012600,012800,014160,014710,017900,019440,077500,079980,120030,163560,264900,396690,001380,003610,004150,005960,006660,010040,047400,012690,023000,023450,023800,034590,011690,002200,227840,002600,003480,004100,004720,004840,004890,006490,007280,013520,016740,032560,035000,036580,055490,078000,002450,000230,244920,004910,005740,005870,006090,009200,010960,012170,014790,016880,017040,034300,058860,067830,101140,145210,002460,338100,465770,000220,000590,000910,001560,003780,004060,004540,004960,005800,006880,007590,007980,009810,011300,011420,013360,013870,016090,021820,023810,044820,092440,378850,357250,000650,155660,002140,003010,006370,009180,014440,017180,018500,027740,031820,041650,069460,071090,075180,085310,092780,102280,111110,001620,357430,308170,000890,001260,001290,001550,002360,002630,002760,002920,003560,004410,004450,004770,004870,005750,006740,008250,008870,009190,009770,010640,010660,011230,011390,013700,014990,021050,024890,025560,025750,058730,069730,090080,100220,118000,119650,129260,000850,002220,134790,003080,004270,004440,004920,005360,006980,007610,008420,009320,012160,019180,020760,023350,025530,026940,051630,069640,091090,123700,002880,145270,446070,006570,009460,010600,010770,012200,012280,014130,023150,023960,033250,049800,072130,090370,143210,003680,000040,093240,000950,001070,001140,001420,002410,002420,002690,002820,002870,005030,005320,005820,006200,009140,009310,009440,011090,013000,015260,024070,000760,000300,133820,002070,005110,007120,008600,010400,014910,015020,019490,025620,025890,030720,044380,071950,084670,084870,088790,001210,140910,204210,010420,008500,001770"
1005,음식료품,"097950,003230,271560,004370,007310,280360,000080,005300,001680,005180,049770,003960,017810,145990,005610,003920,001790,001130,101530,033920,136490,011150,008040,248170,014710,264900,002600,036580,006090,002140,027740,004410,000890,006980,023150,003680"
1006,섬유의복,"383220,105630,093050,020000,001460,003200,016450,009270,003610,016090,005800,007980,011300,111110,102280,014990,090370,005820,093240,000950,001070,084870,002070,008500"
1007,종이목재,"002310,213500,016590,027970,009580,011280,001020,014160,012690,002200,009200,004540,009770,008250,025750,006740,446070,009460,002820"
1008,화학,"051910,090430,096770,010950,161390,051900,011790,011170,005070,009830,011780,001570,002380,002790,000880,278470,014680,192820,161890,073240,298050,298020,014820,004000,000210,457190,120110,002840,178920,285130,005420,456040,069260,008730,006650,002350,268280,093370,003240,014830,006380,161000,018250,017860,108670,002960,001340,115390,025860,007690,035150,001390,003350,272550,226320,004430,138490,005720,214420,092230,078520,025000,006060,298000,011500,008490,000390,081000,005950,002100,090350,000860,083420,282690,134380,100250,004250,003650,015890,012610,006890,003830,089470,014530,003720,163560,079980,004830,023450,004840,055490,004910,007590,003780,001550,002360,014440,010640,002760,003080,051630,024890,024070,025620"
1009,의약품,"207940,068270,000100,302440,128940,009420,006280,069620,185750,003090,001060,003850,019170,170900,003520,377740,249420,033270,003000,009290,003220,005690,016580,007570,005500,102460,001630,003120,293480,002390,000020,271980,000520,214390,234080,011000,004310,003060,001360,002210,063160,002720,004720,000220,000230,017180,002630"
1010,비금속광물,"300720,010780,344820,183190,003300,006390,000480,462520,004980,004090,001520,007210,014580,047400,010040,001560,000910,011390,005750,008870,004870,004440"
1011,철강금속,"005490,010130,004020,103140,002710,006110,100090,001430,016380,000670,002240,460860,058650,306200,104700,001940,084010,058430,005010,001780,009160,092790,004560,018470,460850,008350,001080,000970,025820,014280,139990,024090,008970,008260,019440,012800,004890,032560,007280,071090,069460,155660,069730,021050,009190,002220,008420,026940,012160,002690,133820,001770"
1012,기계,"042700,034020,079550,454910,241560,018880,112610,017800,042670,267270,082740,017960,071970,007460,077970,000490,100840,004380,002900,010820,015590,210540,074610,017550,011700,017370,120030,012600,145210,092440,085310,000850,004450,119650,010660,058730,091090,049800,006570,012200,009310,025890"
1013,전기전자,"005930,000660,373220,006400,066570,003670,267260,009150,010120,034220,011070,450080,272210,066970,298040,007660,361610,001440,000990,020150,004490,336260,336370,103590,108320,353200,248070,007340,009450,090460,025540,195870,192650,001820,097520,033240,009470,000500,029530,007810,011930,006340,092220,109070,322000,005680,008110,004710,019180,004920,005870,007610,008700,011230,011690,017040,017900,020760,033180,004770,000300,001210,009140,014910,015260,019490,044380"
1014,의료정밀,"137310,145720,281820,003160,029460,105840,372910,025560"
1015,운수장비,"005380,000270,012330,012450,329180,010140,042660,064350,047810,010620,204320,005850,011210,003620,271940,009900,003570,064960,075580,200880,010690,000430,009680,092200,015230,033530,010580,214330,010100,001380,024900,023000,006660,016740,004100,013520,023800,041650,023810,021820,018500,013870,378850,092780,075180,123700,308170,001620,002880,002920,009320,090080,000040,012280,005030,033250,001420,010770,143210"
1016,유통업,"028260,047050,081660,007070,008770,026960,282330,111770,023530,018670,139480,004170,009240,001120,069960,001740,001530,381970,057050,017940,031430,453340,005390,093230,000680,001250,122900,011760,003580,002810,339770,037710,452260,071840,000050,011810,450140,128820,004080,123690,007110,002700,077500,227840,101140,067830,006880,009810,004060,003010,006370,069640,004270,118000,005360,025530,010600,000760,013000,008600,005320,002870,002420,005110,088790,010420"
1017,전기가스업,"015760,036460,071320,005090,004690,017390,117580,267290,034590,003480"
1018,건설업,"000720,051600,047040,006360,009410,294870,375500,475150,001470,126720,097230,039570,003070,028100,002780,002990,013580,005960,034300,002460,014790,010960,013360,004960,001260,013700,023960,002410,010400"
1019,운수창고업,"011200,003490,086280,000120,028670,089590,020560,005880,091810,272450,003280,298690,002320,004360,005430,044450,004140,009070,465770,009180,000650,129260,014130,001140,084670"
1020,통신업,"017670,030200,032640,126560,006490"
1021,금융업,"105560,055550,032830,086790,000810,138040,009540,003550,024110,316140,402340,034730,323410,005830,267250,088980,029780,180640,006800,005940,078930,016360,071050,006260,001040,377300,039490,001450,000150,175330,138930,088350,004990,008930,000240,010060,139130,003690,082640,004800,006040,001720,009970,001800,085620,000400,229640,003540,192400,003030,003530,006120,000640,005440,000370,003470,030610,000070,007700,383800,012630,001200,026890,005810,006220,036530,123890,084690,060980,027410,072710,024720,001510,001500,001270,001230,000540,034830,096760,008060,007860,006840,002020,001750,000140,363280,107590,030210,016610,015860,012320,000320,481850,003460,007540,013570,244920,044820,004150,005740,000590,001290,009440,006200"
1024,증권,"006800,005940,016360,039490,001720,003540,003530,003470,030610,001200,001500,001510,001270,001750,030210,016610,003460,001290"
1025,보험,"032830,000810,005830,001450,088350,003690,082640,085620,000400,000370,000540"
1026,서비스업,"035420,035720,259960,018260,352820,326030,443060,251270,028050,021240,022100,307950,036570,462870,035250,052690,012750,030000,012510,395400,089860,034230,365550,192080,079160,330590,039130,023590,214320,032350,348950,114090,005250,181710,030190,403550,293940,002030,284740,130660,432320,357120,034310,448730,286940,451800,088260,034120,002150,334890,015360,404990,053210,037560,095720,012030,377190,417310,102260,019680,095570,053690,037270,267850,317400,210980,070960,036420,068290,035510,031440,000700,094280,400760,020120,002620,016710,058850,396690,350520,000180,035000,058860,078000,016880,031820,011420,357250,012170,338100,357430,100220,023350,003560,145270,072130,007120,015020,140910,204210"
1027,제조업,"005930,000660,373220,207940,005380,000270,068270,005490,006400,051910,012330,066570,003670,012450,329180,042700,267260,034020,033780,009150,090430,010130,096770,010140,042660,000100,010950,010120,011070,034220,097950,450080,051900,011790,161390,064350,047810,003230,079550,454910,011170,241560,302440,005070,010620,009830,272210,011780,128940,066970,001570,004020,271560,298040,002380,004370,361610,001440,007660,002790,018880,383220,278470,000990,000880,112610,014680,009420,192820,007310,005850,204320,280360,042670,020150,017800,103140,298050,069620,011210,161890,006280,073240,298020,003090,000080,185750,267270,336260,336370,082740,103590,005300,137310,014820,003620,004000,004490,108320,353200,457190,120110,002840,000210,002710,145720,248070,300720,178920,005180,009450,001680,006110,268280,005420,281820,285130,456040,049770,069260,090460,093370,100090,105630,195870,006650,007340,008730,009900,010780,001060,001430,002350,003240,003570,003850,271940,344820,003960,071970,161000,170900,192650,006380,014830,016380,016800,017860,017960,018250,019170,025540,000670,064960,241590,005610,377740,460860,058650,075580,077970,093050,097520,108670,115390,145990,183190,200880,007460,011930,017810,020000,029530,033240,033270,001340,001820,002240,002960,003160,003300,003520,003920,249420,226320,271980,272550,306200,322000,035150,058430,084010,084680,092220,092230,092790,100840,102460,104700,138490,213500,214420,006340,006390,007570,007690,007810,009160,009290,009470,009680,010690,013890,016580,016590,018470,025000,025860,029460,000020,000430,000480,000490,000500,001130,001390,001630,001780,001790,001940,002310,003000,003120,003220,003350,004380,004430,004560,004700,005010,005500,005690,005720,000220,000230,000390,000520,000860,000910,000970,001020,001080,001360,001380,001460,001520,001560,002100,002170,002200,002210,002390,002450,002600,002720,002900,003060,003200,003610,003650,003720,003780,003830,004090,004100,004250,004310,004540,004710,004720,004830,004840,004890,004910,004980,005680,005800,005870,005950,006060,006090,006660,006890,007210,007280,007590,007980,008040,008110,008260,008350,008490,008700,008970,009200,009270,009580,010040,010100,010580,010820,011000,011150,011280,011300,011330,011500,011690,011700,012600,012610,012690,012800,013520,013870,014160,014280,014530,014580,014710,015230,015590,015890,016090,016450,016740,017040,017180,017370,017550,017900,019440,021820,023000,023450,023800,023810,024090,024900,025820,027970,032560,033180,033530,033920,036580,041650,047400,055490,063160,074610,078520,079430,079980,081000,083420,089470,090350,092200,092440,092780,100250,101530,105840,109070,111380,120030,134380,136490,139990,145210,163560,194370,210540,214330,214390,234080,248170,264900,282690,293480,298000,372910,378850,460850,462520,023150,024070,024890,025560,025620,025750,025890,026940,027740,033250,044380,049800,051630,058730,069460,069730,071090,071950,075180,084870,085310,090080,090370,091090,093240,102280,111110,119650,123700,133820,134790,143210,155660,308170,446070,000040,000300,000850,000890,000950,001070,001210,001420,001550,001620,001770,002070,002140,002220,002360,002630,002690,002760,002820,002880,002920,003080,003680,004410,004440,004450,004770,004870,004920,005030,005750,005820,006570,006740,006980,007610,008250,008420,008500,008870,009140,009190,009310,009320,009460,009770,010640,010660,010770,011090,011230,011390,012160,012200,012280,014440,014910,014990,015260,018500,019180,019490,020760,021050"
1028,코스피 200,"005930,000660,373220,207940,005380,000270,068270,105560,005490,035420,055550,028260,006400,051910,012330,032830,066570,086790,035720,003670,000810,012450,138040,329180,259960,009540,042700,011200,003550,267260,015760,034020,033780,009150,018260,017670,024110,402340,316140,090430,034730,010130,323410,096770,030200,010140,042660,047050,003490,000100,010950,005830,352820,010120,326030,011070,267250,034220,097950,450080,251270,051900,011790,161390,064350,047810,028050,003230,079550,021240,454910,078930,086280,029780,006800,022100,180640,241560,005070,032640,009830,011170,005940,066970,272210,011780,010620,302440,036570,016360,128940,071050,001040,006260,001570,036460,004020,000720,271560,377300,039490,001450,035250,175330,004370,002380,000150,138930,052690,088350,361610,004990,002790,001440,081660,383220,018880,007070,000880,000120,012750,008930,112610,008770,009420,030000,026960,028670,014680,047040,051600,103140,111770,192820,023530,280360,282330,005850,007310,017800,204320,006280,006360,042670,069620,073240,139480,161890,298020,000080,004170,298050,000240,009240,185750,139130,011210,010060,003090,004800,004490,004000,003620,001120,457190,000210,375500,336260,137310,069960,014820,009970,005300,002710,192080,145720,001740,300720,120110,001800,069260,178920,005250,003030,105630,114090,008730,006650,006110,005420,285130,001680,271940,009900,039130,032350,001430,016380,093370,000670"
1034,코스피 100,"005930,000660,373220,207940,005380,000270,068270,105560,005490,055550,035420,028260,006400,051910,012330,032830,066570,086790,035720,003670,000810,012450,329180,138040,259960,009540,042700,011200,003550,015760,034020,033780,009150,017670,018260,024110,316140,402340,090430,034730,010130,096770,323410,010140,030200,042660,047050,000100,003490,010950,005830,352820,326030,267250,034220,011070,097950,450080,251270,161390,051900,011790,047810,454910,028050,029780,086280,022100,021240,078930,180640,005940,032640,006800,011170,302440,009830,241560,011780,128940,066970,071050,016360,036570,001570,271560,004020,000720,036460,377300,035250,361610,004990,002790,007070,008930,383220,018880,008770,282330"
1035,코스피 50,"005930,000660,373220,207940,005380,000270,068270,105560,005490,035420,055550,028260,006400,051910,012330,032830,086790,066570,035720,003670,000810,138040,329180,259960,009540,011200,003550,015760,034020,033780,009150,017670,018260,024110,316140,090430,034730,010130,096770,323410,030200,047050,010950,352820,326030,450080,022100,086280,011170,377300"
1150,코스피 200 커뮤니케이션서비스,"035420,035720,259960,017670,030200,352820,251270,032640,036570,030000"
1151,코스피 200 건설,"028260,028050,000720,052690,047040,006360,375500,300720"
1152,코스피 200 중공업,"329180,009540,267260,034020,010140,042660,064350,454910,241560,010620,000150,112610,017800,042670"
1153,코스피 200 철강/소재,"005490,010130,004020,103140,014820,002710,006110,003030,008730,001430,016380,000670"
1154,코스피 200 에너지/화학,"051910,034730,096770,010950,267250,011790,078930,011170,009830,011780,001570,002380,000880,014680,298050,010060,298020,004800,004000,000210,457190,120110,178920,285130,005420,069260,006650,093370"
1155,코스피 200 정보기술,"005930,000660,006400,066570,042700,003550,009150,018260,402340,011070,034220,022100,005070"
1156,코스피 200 금융,"105560,055550,032830,086790,000810,138040,024110,316140,323410,005830,029780,006800,005940,071050,016360,377300,039490,001450,175330,138930,088350,139130"
1157,코스피 200 생활소비재,"015760,033780,090430,097950,051900,003230,001040,036460,271560,004370,002790,004990,007070,026960,192820,282330,007310,280360,139480,161890,000080,005300,001800,001680"
1158,코스피 200 경기소비재,"005380,000270,012330,161390,021240,035250,081660,383220,018880,008770,204320,005850,111770,023530,073240,004170,000240,009240,011210,004490,003620,009970,069960,192080,039130,105630,032350,114090,271940,009900"
1159,코스피 200 산업재,"373220,003670,012450,011200,047050,003490,010120,450080,079550,047810,086280,180640,272210,066970,006260,361610,001440,012750,000120,028670,051600,336260,001120,001740"
1160,코스피 200 헬스케어,"207940,068270,000100,326030,302440,128940,008930,009420,006280,069620,185750,003090,137310,145720,005250"
1167,코스피 200 중소형주,"267260,010120,064350,079550,003230,005070,010620,272210,006260,001040,039490,001450,002380,000150,004370,175330,138930,052690,001440,088350,081660,000880,012750,000120,112610,030000,009420,028670,014680,026960,204320,192820,005850,007310,051600,111770,023530,280360,103140,017800,047040,042670,139480,006360,006280,161890,069620,073240,009240,004170,000240,298050,010060,000080,011210,185750,298020,139130,003090,375500,005300,004490,336260,004800,014820,004000,003620,001120,137310,000210,009970,069960,457190,145720,120110,192080,001740,002710,300720,001800,001680,178920,039130,006110,005420,285130,105630,069260,003030,032350,008730,006650,271940,114090,005250,009900,001430,093370,016380,000670"
1182,코스피 200 초대형제외 지수,"000660,373220,207940,005380,000270,068270,105560,005490,055550,035420,028260,006400,051910,012330,032830,086790,066570,035720,003670,000810,012450,138040,329180,259960,009540,042700,011200,003550,267260,015760,034020,033780,009150,017670,018260,024110,402340,316140,034730,090430,010130,323410,096770,010140,030200,042660,047050,000100,003490,010950,005830,352820,010120,326030,267250,034220,011070,450080,097950,251270,051900,011790,161390,064350,003230,079550,047810,028050,454910,021240,086280,029780,022100,078930,180640,032640,006800,005940,241560,302440,011170,009830,005070,066970,011780,010620,272210,036570,016360,128940,071050,006260,001570,001040,036460,004020,000720,271560,377300,039490,035250,001450,000150,002380,004370,138930,052690,175330,001440,361610,002790,088350,081660,004990,018880,383220,008930,000880,012750,000120,007070,112610,028670,030000,009420,026960,014680,008770,204320,051600,007310,005850,111770,192820,280360,282330,023530,042670,139480,017800,103140,047040,000080,000240,004170,006280,006360,009240,010060,011210,069620,073240,161890,185750,298050,005300,139130,003090,375500,298020,000210,004800,004000,137310,014820,003620,336260,001120,004490,002710,001740,009970,192080,145720,120110,069960,457190,006110,285130,178920,039130,001800,005420,300720,001680,271940,001430,114090,105630,093370,069260,032350,005250,003030,006650,009900,008730,016380,000670"
1224,코스피 200 비중상한 30%,"005930,000660,373220,207940,005380,000270,068270,105560,005490,035420,055550,028260,006400,051910,012330,032830,066570,086790,035720,003670,000810,138040,329180,012450,259960,009540,042700,011200,003550,267260,015760,034020,033780,009150,018260,017670,024110,402340,316140,090430,034730,010130,323410,096770,030200,010140,042660,047050,003490,000100,010950,005830,352820,010120,326030,011070,267250,034220,097950,450080,251270,051900,011790,161390,064350,047810,028050,003230,079550,021240,454910,086280,180640,029780,022100,006800,078930,241560,005070,032640,009830,011170,005940,066970,272210,011780,010620,302440,036570,016360,128940,071050,001040,006260,001570,036460,004020,000720,271560,377300,039490,001450,035250,175330,004370,002380,000150,138930,052690,088350,361610,004990,002790,001440,081660,383220,018880,007070,000880,000120,012750,008930,112610,008770,009420,030000,026960,028670,014680,047040,051600,103140,111770,192820,023530,280360,282330,005850,007310,017800,204320,006280,006360,042670,069620,073240,139480,161890,298020,000080,004170,298050,000240,009240,185750,139130,011210,010060,003090,004800,004490,004000,003620,001120,457190,000210,375500,336260,137310,069960,014820,009970,005300,002710,192080,145720,001740,300720,120110,001800,069260,178920,005250,003030,105630,114090,008730,006650,006110,005420,285130,001680,271940,009900,039130,032350,001430,016380,093370,000670"
1227,코스피 200 비중상한 25%,"005930,000660,373220,207940,005380,000270,068270,105560,005490,035420,055550,028260,006400,051910,012330,032830,066570,086790,035720,003670,000810,138040,329180,012450,259960,009540,042700,011200,003550,267260,015760,034020,033780,009150,018260,017670,024110,402340,316140,090430,034730,010130,323410,096770,030200,010140,042660,047050,003490,000100,010950,005830,352820,010120,326030,011070,267250,034220,097950,450080,251270,051900,011790,161390,064350,047810,028050,003230,079550,021240,454910,086280,180640,029780,022100,006800,078930,241560,005070,032640,009830,011170,005940,066970,272210,011780,010620,302440,036570,016360,128940,071050,001040,006260,001570,036460,004020,000720,271560,377300,039490,001450,035250,175330,004370,002380,000150,138930,052690,088350,361610,004990,002790,001440,081660,383220,018880,007070,000880,000120,012750,008930,112610,008770,009420,030000,026960,028670,014680,047040,051600,103140,111770,192820,023530,280360,282330,005850,007310,017800,204320,006280,006360,042670,069620,073240,139480,161890,298020,000080,004170,298050,000240,009240,185750,139130,011210,010060,003090,004800,004490,004000,003620,001120,457190,000210,375500,336260,137310,069960,014820,009970,005300,002710,192080,145720,001740,300720,120110,001800,069260,178920,005250,003030,105630,114090,008730,006650,006110,005420,285130,001680,271940,009900,039130,032350,001430,016380,093370,000670"
1232,코스피 200 비중상한 20%,"005930,000660,373220,207940,005380,000270,068270,105560,005490,035420,055550,028260,006400,051910,012330,032830,066570,086790,035720,003670,000810,138040,329180,012450,259960,009540,042700,011200,003550,267260,015760,034020,033780,009150,018260,017670,024110,402340,316140,090430,034730,010130,323410,096770,030200,010140,042660,047050,003490,000100,010950,005830,352820,010120,326030,011070,267250,034220,097950,450080,251270,051900,011790,161390,064350,047810,028050,003230,079550,021240,454910,086280,180640,029780,022100,006800,078930,241560,005070,032640,009830,011170,005940,066970,272210,011780,010620,302440,036570,016360,128940,071050,001040,006260,001570,036460,004020,000720,271560,377300,039490,001450,035250,175330,004370,002380,000150,138930,052690,088350,361610,004990,002790,001440,081660,383220,018880,007070,000880,000120,012750,008930,112610,008770,009420,030000,026960,028670,014680,047040,051600,103140,111770,192820,023530,280360,282330,005850,007310,017800,204320,006280,006360,042670,069620,073240,139480,161890,298020,000080,004170,298050,000240,009240,185750,139130,011210,010060,003090,004800,004490,004000,003620,001120,457190,000210,375500,336260,137310,069960,014820,009970,005300,002710,192080,145720,001740,300720,120110,001800,069260,178920,005250,003030,105630,114090,008730,006650,006110,005420,285130,001680,271940,009900,039130,032350,001430,016380,093370,000670"
1244,코스피200제외 코스피지수,"443060,088980,307950,462870,298040,007660,000990,278470,012510,020150,018670,395400,003690,009410,294870,082640,267270,082740,006040,108320,103590,001720,336370,089860,034230,353200,365550,002840,079160,248070,085620,009450,330590,229640,000400,005180,003540,281820,007340,023590,192400,089590,049770,214320,456040,003530,090460,020560,001060,348950,100090,002350,001530,268280,010780,006120,003850,003570,000640,181710,003240,195870,003960,344820,025540,030190,064960,019170,005880,014830,005440,170900,403550,017960,006380,071970,000370,381970,030610,003470,000070,293940,192650,272450,007700,091810,057050,161000,002030,016800,071320,383800,075580,018250,017810,017860,012630,130660,284740,003280,031430,017940,475150,145990,002240,001200,241590,033240,005610,003520,001820,003160,432320,007460,200880,126560,183190,357120,058650,108670,460860,249420,377740,453340,034310,003300,020000,001340,002960,093050,026890,033270,097520,115390,448730,005090,005810,011930,003920,123890,286940,306200,029530,077970,104700,004690,010690,451800,001470,002310,003000,025860,036530,060980,084690,003220,004700,005390,006220,009290,093230,027410,072710,088260,009470,007690,126720,024720,034120,035150,005690,001940,013890,000430,000500,000680,001390,007810,226320,272550,298690,084010,122900,003350,009680,011760,001250,002320,006390,322000,003580,097230,102460,004430,005500,007570,016580,017390,334890,000480,001500,001510,001790,002150,058430,138490,001780,029460,034830,084680,096760,100840,004360,005010,005720,006340,009160,015360,000490,000540,001230,001270,001630,213500,214420,003120,293480,339770,452260,025000,037710,053210,078520,092220,092230,092790,117580,004380,004560,005430,012030,016590,018470,404990,000020,001130,002810,271980,377190,417310,000140,001460,002390,004090,004980,006060,007160,008060,008350,008490,011500,027970,037560,039570,071840,095720,102260,109070,194370,298000,462520,000050,460850,000520,001080,001520,001750,002020,002100,002900,003070,003200,005950,007860,009580,011810,012320,015860,016610,019680,028100,030210,037270,044450,053690,079430,081000,090350,095570,101530,107590,234080,363280,000390,000320,450140,004310,004970,005680,006840,011000,011280,016450,033920,035510,036420,068290,070960,083420,092200,100250,105840,134380,210980,214390,267850,282690,317400,000860,400760,210540,001360,002620,003060,004140,004250,004710,006890,008110,010580,010820,011150,011330,014280,015230,015590,015890,025820,094280,128820,136490,000970,000700,372910,002170,002210,002720,002780,002990,003460,003650,003720,003830,004080,007210,007540,008040,008970,009270,010100,011700,012610,013570,013580,014530,014580,016710,017370,017550,020120,024090,031440,033180,033530,058850,074610,089470,111380,123690,139990,214330,248170,001020,350520,267290,481850,000180,001380,002700,003610,004150,004830,005960,006660,007110,008260,008700,009070,011690,012600,012690,012800,014160,014710,017900,019440,023000,023450,023800,024900,034590,047400,063160,077500,079980,120030,163560,264900,396690,000230,244920,002450,002460,002600,003480,004100,004720,004840,004890,004910,005740,005870,006090,006490,007280,009200,010040,012170,013520,014790,016740,016880,017040,032560,034300,035000,036580,055490,058860,067830,078000,101140,145210,227840,002200,338100,465770,000220,000590,000650,000910,001560,001620,002140,002760,003010,003780,004060,004540,004960,005800,006370,006880,007590,007980,009180,009810,010960,011300,011420,013360,013870,014440,016090,017180,018500,021820,023810,027740,031820,041650,044820,069460,071090,075180,085310,092440,092780,102280,111110,155660,378850,357250,145270,308170,000850,000890,001260,001290,001550,002220,002360,002630,002880,002920,003080,003560,004270,004410,004440,004450,004770,004870,004920,005360,005750,006740,006980,007610,008250,008420,008870,009190,009320,009770,010600,010640,010660,011230,011390,012160,013700,014990,019180,020760,021050,023350,024890,025530,025560,025750,026940,051630,058730,069640,069730,090080,091090,100220,118000,119650,123700,129260,134790,357430,000040,446070,000760,000950,001070,001140,001420,002410,002420,002690,002820,002870,003680,005030,005320,005820,006200,006570,008600,009140,009310,009440,009460,010770,011090,012200,012280,013000,014130,014910,015020,015260,023150,023960,024070,030720,033250,049800,071950,072130,090370,093240,133820,143210,000300,140910,088790,001210,001770,002070,005110,007120,008500,010400,010420,019490,025620,025890,044380,084670,084870,204210"
1894,코스피 200 TOP 10,"005930,000660,373220,207940,005380,000270,068270,005490,035420,051910"
